No,PONDNO,PONDNAME,DATE,LONG_NAD83DD,LAT_NAD83DD,DOC,TRUCOLOR
1,020039,WHISTLE POND,7/17/84,73.81736667,44.56754444,8.5,50
2,020042,MUD POND,7/17/84,73.91347778,44.56338056,11.7,90
3,020055,LAKE KUSHAQUA,7/17/84,74.10320556,44.52755,5.7,35
4,020211,MUD POND,7/17/84,73.67180556,44.56143333,5.6,25
5,030006A,CHATEAUGAY NARROWS,7/17/84,74.00653611,44.80671111,4.5,25
6,030038,DEBAR POND,7/17/84,74.1996,44.63005,3.2,15
7,030040,DUCK POND,7/17/84,74.13765278,44.59755,6.1,15
8,030043A,SKIFF POND,7/17/84,74.19071111,44.57505278,2.8,15
9,020056,CHUB POND,7/18/84,74.10098333,44.52338333,5.1,25
10,020058,LITTLE HOPE POND,7/18/84,74.124875,44.51588333,13.2,140
11,020059,BIG HOPE POND,7/18/84,74.12459722,44.51199444,7,35
12,020061,BUCK POND,7/18/84,74.11431944,44.50588333,4.2,20
13,020065,RAINBOW LAKE,7/18/84,74.13431944,44.48866111,5.2,25
14,020069,LOON POND,7/18/84,74.16681944,44.48755278,5.9,60
15,020083,MOOSE POND,7/18/84,74.06598611,44.36588333,4.7,20
16,020084,GRASS POND,7/18/84,74.02792778,44.37671389,10.5,45
17,020088,MCKENZIE POND,7/18/84,74.07459722,44.32421667,2.9,5
18,020096,ALFORD POND,7/18/84,74.03820833,44.26004722,8.7,35
19,020098,BIG PINE POND,7/18/84,74.14737778,44.262275,3.1,5
20,020099,OWL POND,7/18/84,74.15265556,44.26838611,2.9,10
21,020101,LITTLE PINE POND,7/18/84,74.15099167,44.259775,3.9,30
22,020102,SECOND POND,7/18/84,74.17126944,44.28338611,4.7,20
23,020103,FIRST POND,7/18/84,74.18349167,44.28866389,4.7,20
24,020107,MCCAULEY POND,7/18/84,74.20904722,44.35116667,5.7,30
25,020198,LAKE CLEAR OUTLET,7/18/84,74.27682778,44.34838889,7.7,60
26,020205,BLACK POND,7/18/84,74.26682778,44.31727778,8.7,80
27,020208,LITTLE WELLER POND,7/18/84,74.27182778,44.27838889,9.4,90
28,020209,WELLER POND,7/18/84,74.27293889,44.27838889,5.3,25
29,020257,UNNAMED POND,7/18/84,74.01070556,44.267825,10.3,120
30,020269,UNNAMED POND,7/18/84,73.87958889,44.24754722,9,70
31,020273,GIANT WASHBOWL,7/18/84,73.73846944,44.14393889,4.9,15
32,030171,GRASS POND,7/18/84,74.49544722,44.65728056,6.6,30
33,030172,LITTLE CLEAR POND,7/18/84,74.49766944,44.66061389,5.9,25
34,030181,WINNEBAGO POND,7/18/84,74.24876944,44.57921944,11.3,35
35,030187,BAKER POND,7/18/84,74.29293611,44.51505556,5.3,45
36,030188,MCCOLLOM POND,7/18/84,74.29376944,44.50866667,5.5,45
37,030189,UNNAMED POND,7/18/84,74.29265833,44.50283333,14.3,160
38,030206,JONES POND,7/18/84,74.20015556,44.45033056,8,70
39,020115,BRANDY POND,7/19/84,74.35905278,44.28478056,19.2,240
40,020116,FOLLENSBY CLEAR POND,7/19/84,74.34544167,44.31061389,2.1,5
41,020118,HORSESHOE POND,7/19/84,74.36016389,44.31728056,3.3,10
42,020119,LITTLE POLLIWOG POND,7/19/84,74.36183056,44.32616944,4.7,40
43,020120,POLLIWOG POND,7/19/84,74.35571944,44.32644722,3.2,5
44,020124,FISH CREEK POND,7/19/84,74.35544167,44.30089167,4.5,25
45,020125,SQUARE POND,7/19/84,74.36460833,44.30283611,4.4,25
46,020128,DUMP POND,7/19/84,74.38988889,44.29950278,9.8,120
47,020129,UNNAMED POND,7/19/84,74.39183333,44.29311389,16.4,320
48,020130,BLACK POND,7/19/84,74.38322222,44.30533611,4.3,15
49,020138,EAST COPPERAS POND,7/19/84,74.37183056,44.31200278,8.8,70
50,020139,COPPERAS POND,7/19/84,74.37460833,44.31561389,2.3,10
51,020140,LITTLE SQUARE POND,7/19/84,74.37183056,44.31700278,4.5,30
52,020164,LITTLE RAINBOW POND,7/19/84,74.328775,44.359225,13.1,100
53,020168,ROLLINS POND,7/19/84,74.40961111,44.32366944,6.4,50
54,020170,ROCK POND,7/19/84,74.42461111,44.32866944,5,30
55,020174,UNNAMED POND LOWER,7/19/84,74.42461111,44.31728056,18.9,120
56,020180,WHEY POND,7/19/84,74.39877778,44.304225,2.7,15
57,020181,DEER POND,7/19/84,74.38766667,44.27616944,2.9,5
58,020182,MUD POND,7/19/84,74.39516667,44.26505833,4.6,25
59,020183,GREEN POND,7/19/84,74.34321944,44.33811389,3,5
60,020186,RAT POND,7/19/84,74.31127222,44.35283333,7.8,50
61,020188,SUNDAY POND,7/19/84,74.30016111,44.34477778,4,10
62,020207,TAMARACK POND,7/19/84,74.29099722,44.26755833,18.6,180
63,020229,MORGAN(COOPER KILL) POND,7/19/84,73.84931111,44.42421389,6.1,25
64,020255,BARTLETT POND,7/19/84,74.02070556,44.332825,8,70
65,030158,WHIPPLE POND,7/19/84,74.30238333,44.37727778,5.3,15
66,030159,SOUTH OTTER POND,7/19/84,74.31155,44.36672222,21.2,280
67,060093,LEAD POND,7/19/84,74.41877778,44.27811389,9.2,100
68,020127,BOSQUET POND,7/20/84,74.38905556,44.29978056,6.8,50
69,020132,S-W AMPHITHEATER POND,7/20/84,74.36849722,44.30728056,10.9,120
70,020141,NORTH WHEY POND,7/20/84,74.38377778,44.31394722,6.5,45
71,020141A,LITTLE NORTH WHEY,7/20/84,74.38294444,44.31616944,4.3,35
72,020144,UNNAMED POND,7/20/84,74.39433333,44.33755833,7.8,30
73,020147,EAST PINE POND,7/20/84,74.41183333,44.33978056,5.9,50
74,020148,FEDERATION POND,7/20/84,74.41072222,44.33616944,3.6,10
75,020149,LONG POND,7/20/84,74.40044444,44.34728056,4.1,25
76,020150,PINK POND,7/20/84,74.41322222,44.35311389,6.9,60
77,020151,NORTH PINK POND,7/20/84,74.416,44.35561389,9,160
78,020154,TURNOFF POND,7/20/84,74.41905556,44.34450278,6.4,40
79,020155,LEDGE POND,7/20/84,74.42266667,44.35839167,3.1,10
80,020156A,DRY LAKE,7/20/84,74.41294444,44.36255833,6.6,45
81,020158,LONG POND #3,7/20/84,74.39266389,44.36894722,15.8,160
82,020159,SLANG POND,7/20/84,74.38321944,44.36561389,4.7,25
83,020160,TURTLE POND,7/20/84,74.37155278,44.36255833,4,15
84,020161,HOEL POND,7/20/84,74.35905278,44.35811389,3.5,5
85,020162,SUMMIT POND,7/20/84,74.35321944,44.36478056,16.2,160
86,020173,WEST PINE POND,7/20/84,74.42322222,44.33755833,4.1,15
87,030133,EAST POND,7/20/84,74.43738889,44.38228333,5.8,30
88,030149,FISH POND,7/20/84,74.37794167,44.39505833,5.4,35
89,030150,SKY POND,7/20/84,74.378775,44.39728056,9,45
90,030151,MUD POND,7/20/84,74.36016389,44.39255833,6.7,45
91,030152A,MONDAY POND,7/20/84,74.34183056,44.39033611,5,25
92,030156,GRASS POND,7/20/84,74.34683056,44.37700278,16.1,200
93,030271A,BOG POND (WEST OF BEAR),7/20/84,74.29043889,44.39394444,6,40
94,020234,COPPERAS POND,7/23/84,73.89792222,44.32921389,3.2,5
95,020236,WINCH POND,7/23/84,73.88903333,44.33171389,8.8,35
96,020238,MARSH POND,7/23/84,73.88153333,44.32921389,7,40
97,020240,LITTLE CHERRY PATCH POND,7/23/84,73.93820278,44.30143611,12.2,100
98,020241,BIG CHERRYPATCH POND,7/23/84,73.94264722,44.29421389,14.6,120
99,020242,TOM PECK POND,7/23/84,73.94209167,44.307825,5.8,30
100,020243,CONNERY POND,7/23/84,73.93459167,44.30643611,4.6,15
101,020244,LONG POND,7/23/84,73.92875833,44.31643611,7.4,45
102,020246,COLDSPRING POND,7/23/84,73.92598056,44.325325,6.4,35
103,020247,MALCOLM (HOLCOMB) POND,7/23/84,73.92459167,44.28976944,5.6,25
104,020251,ECHO LAKE,7/23/84,73.965425,44.29588056,5.7,25
105,030154,OCHRE POND,7/23/84,74.34210833,44.38616944,7.5,70
106,030155,TUESDAY POND,7/23/84,74.33849722,44.39005833,4.8,30
107,030192,GRASS POND,7/23/84,74.26376944,44.49311111,3.7,15
108,030201,BEAVER VALLEY POND,7/23/84,74.25404722,44.49227778,9.7,90
109,030244,TOAD POND,7/23/84,74.31516111,44.4745,4.2,10
110,030245,SLUSH POND,7/23/84,74.31877222,44.46866667,6.3,60
111,030273,BICKFORD POND,7/23/84,74.31349444,44.39894444,3.7,20
112,020233,OWEN POND,7/24/84,73.90292222,44.32310278,4.8,10
113,020258,ROUND LAKE,7/24/84,73.9057,44.22865833,3.4,15
114,020270,LOWER CASCADE LAKE,7/24/84,73.86014444,44.237825,2.7,10
115,020271,UPPER CASCADE LAKE,7/24/84,73.87403333,44.22449167,2.7,10
116,020097,CAMERAS POND,7/25/84,74.06348611,44.24449444,1.5,5
117,020105,LITTLE COLBY POND,7/25/84,74.15098889,44.32949722,9.1,80
118,020106,LAKE COLBY,7/25/84,74.15348889,44.33394167,4.9,20
119,020272,LOST POND,7/25/84,73.71263889,44.25699167,13.7,90
120,020316,RUSSET POND,7/25/84,73.55985278,44.11616389,7.3,70
121,020317,MURREY (SMOKEY) POND,7/25/84,73.55624167,44.11366389,9.7,90
122,020318,MILL POND,7/25/84,73.55290556,44.11283056,9.8,90
123,020319,TANAHER POND,7/25/84,73.54985,44.109775,10,100
124,020329,ROUND POND,7/25/84,73.73208056,44.12394167,2.4,10
125,030314,CRANBERRY POND,7/25/84,74.98491944,44.44534167,8.5,60
126,040130,LONG LAKE,7/25/84,75.20464444,44.16034167,6.3,45
127,040136,DRY TIMBER LAKE,7/25/84,75.15575278,44.14673056,11.7,180
128,040138,JENNY LAKE,7/25/84,75.22242222,44.16673056,10,140
129,040146,SOUTH CREEK LAKE,7/25/84,75.22214167,44.11895278,NA,110
130,040161,ROUND LAKE,7/25/84,75.17547222,44.11339722,4.9,35
131,040611,SPECTACLE POND EAST,7/25/84,75.26684722,43.77784722,7.8,40
132,040612,SPECTACLE POND WEST,7/25/84,75.26990278,43.77979167,6.5,40
133,040613,MAHAN POND,7/25/84,75.26684722,43.77229167,8.9,60
134,060018,ROCK POND,7/25/84,74.79213611,44.54756111,7.8,70
135,060021A,FIVE FALLS RESERVOIR,7/25/84,74.843525,44.52978611,5.4,40
136,060027,LITTLE ROCK POND,7/25/84,74.78158056,44.54728333,15.3,280
137,060048,DEER POND,7/25/84,74.6349,44.35228333,12,220
138,060049,OTTER POND,7/25/84,74.59128611,44.36811667,6.7,40
139,060062,LEONARD POND,7/25/84,74.73212778,44.33117222,4.5,25
140,060067,UNNAMED POND,7/25/84,74.72129444,44.31089444,7.6,100
141,060222,SHAW POND,7/25/84,74.18431944,44.04561667,8.2,55
142,060231,ROCK POND,7/25/84,74.13681944,44.12894722,5.9,30
143,060234,BLACK POND,7/25/84,74.07765278,44.197275,3.5,15
144,060237,LOST POND,7/25/84,74.03515,44.16199722,3.4,20
145,020184,12TH TEE POND,7/26/84,74.341275,44.341725,4.3,20
146,020197,SOCHIA POND,7/26/84,74.29432778,44.35227778,2.1,10
147,030160,NORTH OTTER POND,7/26/84,74.31349444,44.37061111,20,220
148,030375,BURNTBRIDGE POND,7/26/84,74.70906944,44.21228333,7.4,70
149,040189,ROCK LAKE,7/26/84,75.01796667,44.01061944,3,25
150,040190,EMERALD LAKE,7/26/84,75.02074444,44.02284167,11.2,70
151,040191,SAND LAKE,7/26/84,75.01046667,44.01061944,4.4,30
152,040285,STREETER LAKE,7/26/84,75.071025,44.11089722,7.6,90
153,040286,PINE POND,7/26/84,75.03658056,44.11311944,9.5,80
154,040289,CRYSTAL LAKE,7/26/84,75.06824722,44.10089722,0.6,5
155,040301,UNNAMED(NEWTON FALLS)RES,7/26/84,74.98630556,44.21422778,4.4,35
156,040307,LOST POND,7/26/84,74.85824444,44.20978333,21.1,240
157,040316,DOG POND,7/26/84,74.72684722,44.15617222,3.4,15
158,040318,FISHPOLE POND,7/26/84,74.79796111,44.11283889,13.9,100
159,040319,DARNING NEEDLE POND,7/26/84,74.78073889,44.11895,4.9,35
160,040325,INDIAN MOUNTAIN POND,7/26/84,74.82073889,44.12645,6.3,70
161,040328,OLMSTEAD POND,7/26/84,74.83879444,44.12006111,5.4,40
162,040333,TOAD POND,7/26/84,74.85963056,44.12950556,3.9,20
163,040336,SIMMONS POND,7/26/84,74.84963056,44.12228333,4.4,25
164,040340,OTTER POND,7/26/84,74.98574722,44.10561944,7.9,110
165,040344,CAGE LAKE,7/26/84,75.00685556,44.05228611,5.3,35
166,040351,MUIR POND,7/26/84,74.98963333,44.038675,13.5,90
167,040352,WOLF POND,7/26/84,74.99074444,44.03006389,7.3,30
168,040626,GOURD POND,7/26/84,75.26240556,43.83229167,5.7,110
169,040627,STEWART POND,7/26/84,75.26962778,43.82923611,6.6,25
170,060147,HIGH POND,7/26/84,74.65906389,44.08533889,2.6,20
171,060178,BRIDGE BROOK POND,7/26/84,74.56933889,44.16256111,7.3,70
172,060189,ROLL BANK POND,7/26/84,74.34405278,44.20616944,9.6,110
173,060191,STONY CREEK PONDS,7/26/84,74.31433056,44.21144722,4.3,45
174,060193,MUD POND,7/26/84,74.29516389,44.22311389,5,30
175,060195,PICKEREL POND,7/26/84,74.29266111,44.19505833,9.5,110
176,060207,PALMER POND,7/26/84,74.30655,44.176725,7.2,70
177,060213,LOWER COUNTY LINE POND,7/26/84,74.32182778,44.12006111,5.8,55
178,060214,MIDDLE COUNTY LINE POND,7/26/84,74.31182778,44.12561667,8.4,80
179,060215,UPPER COUNTY LINE POND,7/26/84,74.31182778,44.12839444,7,55
180,060219,SEWARD POND,7/26/84,74.25071389,44.12756111,4.4,20
181,020122,WEST POLLIWOG POND,7/27/84,74.36710833,44.336725,8.8,40
182,020143,MIDDLE POND,7/27/84,74.37155278,44.33700278,6.1,50
183,020330,LILYPAD POND,7/27/84,73.72374444,44.10060833,6.4,40
184,020332,CRANBERRY POND,7/27/84,73.70846667,44.10616389,10.3,90
185,020333,RHODODENDRON POND,7/27/84,73.71318889,44.10421944,6.9,50
186,040755,SILVER DOLLAR POND,7/27/84,74.88823333,43.83062222,6.5,40
187,040131,TWIN POND EAST,7/30/84,75.19325278,44.15534167,9.1,110
188,040132,TWIN POND WEST,7/30/84,75.19436389,44.15645278,9.5,140
189,040135,THE GULF,7/30/84,75.177975,44.13923056,7.4,90
190,040192,SITZ POND,7/30/84,74.99713056,43.99534167,4.7,20
191,040201,UNNAMED POND,7/30/84,74.99018611,43.96811944,4.6,35
192,040202,UNNAMED POND,7/30/84,74.98296389,43.99006389,5.1,35
193,040203,UNNAMED POND,7/30/84,74.97990833,43.96589722,1,5
194,040204,UNNAMED POND,7/30/84,74.979075,43.97534167,9,90
195,040205,UNNAMED POND,7/30/84,74.96629722,43.98534167,0.7,5
196,040206,UNNAMED POND,7/30/84,74.966575,43.993675,9.3,55
197,040208,UNNAMED POND,7/30/84,74.95796389,43.98311944,6.6,60
198,040209,UNNAMED POND,7/30/84,74.96046389,43.98311944,4.9,35
199,040210,WILLYS LAKE (HORSESHOE),7/30/84,74.95518333,43.97228611,1.7,5
200,040214,WALKER POND,7/30/84,74.94129444,43.973675,0.2,5
201,040288A,UNNAMED POND,7/30/84,75.05519167,44.09839722,19.3,350
202,040288C,UNNAMED POND,7/30/84,75.05435833,44.10173056,17.7,140
203,040354,RILEY POND LOWER,7/30/84,74.97574167,44.00478611,7,30
204,040355,RILEY POND UPPER,7/30/84,74.96351944,44.00395278,6,25
205,040360,BIG DEER POND,7/30/84,74.84046111,44.06645,10.8,45
206,040362,GRASSY POND,7/30/84,74.85129444,44.08172778,5,50
207,040364,WEST POND,7/30/84,74.89823889,44.04173056,4.5,15
208,040365,OVEN LAKE,7/30/84,74.90490556,44.026175,4.3,35
209,040366,GRASSY POND,7/30/84,74.90490556,44.01728611,4.4,30
210,040368,HITCHENS POND,7/30/84,74.90462778,44.01145278,5.7,60
211,040369,TOAD POND,7/30/84,74.93213056,44.018675,3.4,15
212,040372,LITTLE CROOKED LAKE,7/30/84,74.93879722,44.00395278,3.3,15
213,040373,CROOKED LAKE,7/30/84,74.94629722,43.99673056,2.2,5
214,040374,COVEY POND,7/30/84,74.93518333,43.98923056,7.5,55
215,040375,CRACKER POND,7/30/84,74.88935,44.03839722,4.6,20
216,040376,GAL POND,7/30/84,74.89212778,44.04589722,4.8,35
217,040504,HAWK POND,7/30/84,74.96323889,43.95450833,2,10
218,040512,UNNAMED POND,7/30/84,74.98296111,43.94256389,7.2,35
219,040515,DISMAL POND,7/30/84,74.98323889,43.95311944,0.9,10
220,040517,SALMON LAKE,7/30/84,74.94296111,43.938675,2.7,10
221,040521,UNNAMED (ODOR POND),7/30/84,74.92823889,43.95673056,8.5,70
222,040522,HIGBY TWINS EAST POND,7/30/84,74.93407222,43.96173056,3.2,10
223,040523,HIGBY TWINS WEST POND,7/30/84,74.93685,43.96200833,1.4,10
224,040544,RAINER POND,7/30/84,74.79906944,44.01172778,6.9,55
225,040574,MUD LAKE,7/30/84,74.96629167,43.89534167,6.7,90
226,060172,HIGH POND,7/30/84,74.83629444,44.08089444,4,20
227,040338,UNNAMED POND (MILL POND),7/31/84,74.92491111,44.12839444,8.4,50
228,040524,MUD POND,7/31/84,74.92435,43.98061944,0.5,5
229,040525,CLEAR LAKE,7/31/84,74.92296111,43.98228611,0.3,5
230,040527,SUMMIT POND,7/31/84,74.92323889,43.99145278,1.8,5
231,040528,WITCH HOPPLE POND,7/31/84,74.92573889,43.96311944,3.4,20
232,040529,NEGRO LAKE,7/31/84,74.88657222,43.98978611,3.5,15
233,040530,BEAVERDAM POND,7/31/84,74.90101667,43.97006389,4.5,30
234,040531,WILDER POND,7/31/84,74.86406944,43.98534167,5.2,25
235,040540,BUCK POND,7/31/84,74.83990278,43.96784167,12.5,160
236,040569,UNNAMED POND,7/31/84,74.82323333,43.90978611,3.7,15
237,040570,TERROR LAKE,7/31/84,74.81767778,43.89395278,2.5,10
238,040759,UNNAMED POND,7/31/84,74.75795278,43.876175,2.4,5
239,040765,UNNAMED POND,7/31/84,74.79156389,43.88645278,12.1,80
240,040766,UNNAMED POND,7/31/84,74.78684167,43.88756389,10.9,90
241,040768,LOWER SISTER LAKE,7/31/84,74.77739722,43.87173056,5.5,60
242,040769,UPPER SISTER LAKE,7/31/84,74.76850833,43.87895278,8.5,110
243,040774,RUSSIAN LAKE,7/31/84,74.80656389,43.84145278,1.9,10
244,040777,CONSTABLE POND,7/31/84,74.80711944,43.83061944,3.5,15
245,040778,CHUB LAKE,7/31/84,74.78683889,43.83256389,3.7,15
246,040779,PIGEON LAKE,7/31/84,74.76489444,43.84673056,2.9,10
247,060330,UNNAMED POND,7/31/84,74.77683889,43.82034167,4.3,25
248,020355,PUTNAM POND,8/1/84,73.57179167,43.83922778,3.6,20
249,020358,CLEAR POND,8/1/84,73.59401389,43.83783889,2.4,10
250,020359,MUD POND,8/1/84,73.59123611,43.83422778,7.1,40
251,020360,NORTH POND,8/1/84,73.58234722,43.83756111,3.4,15
252,040326,ASH POND,8/1/84,74.83018333,44.10117222,10.8,180
253,040790,EIGHTH LAKE FULTON CHAIN,8/1/84,74.71294722,43.77006389,4.1,20
254,060294,LOWER SARGENT POND,8/1/84,74.56683056,43.85950833,3.7,15
255,060295,MIDDLE SARGENT POND,8/1/84,74.55683056,43.861175,5.2,25
256,060296,UPPER SARGENT POND,8/1/84,74.55099722,43.86506389,3.3,15
257,060317,UPPER BROWNS TRACT POND,8/1/84,74.70933611,43.80228611,8.4,60
258,040279,READWAY POND,8/2/84,75.05075,44.15145278,3.4,40
259,040334,SPECTACLE POND NORTH,8/2/84,74.84268611,44.13200556,4.6,30
260,040335,SPECTACLE POND SOUTH,8/2/84,74.84379722,44.12950556,4.4,30
261,040582,SOUTH POND,8/2/84,74.88101111,43.84395278,2,10
262,040587,LILYPAD POND LOWER,8/2/84,74.87073333,43.85423056,0.7,5
263,040876,ICEHOUSE POND,8/2/84,74.70321944,43.66617778,6,35
264,040877,HELLDIVER POND,8/2/84,74.69960833,43.66951111,13.2,120
265,040878,LOST POND WEST,8/2/84,74.67821944,43.68867778,4.4,25
266,040879,LOST PONDS EAST,8/2/84,74.66571944,43.68784444,4.2,25
267,060302,SLIM POND,8/2/84,74.56099722,43.806175,4.1,20
268,060303,BEAR POND,8/2/84,74.55738611,43.803675,5.1,30
269,060305,POTTER POND,8/2/84,74.48571667,43.81589722,3.8,10
270,020206,PORKCHOP POND,8/3/84,74.30266389,44.29116944,16.9,110
271,030199,LOST POND,8/3/84,74.28349167,44.462,3,10
272,040317,LITTLE DOG POND,8/3/84,74.72184722,44.15950556,7.1,40
273,040473,SUNDAY LAKE,8/3/84,75.10157222,43.86117778,9.1,150
274,040476,UNNAMED POND,8/3/84,75.09379444,43.85423333,5.8,150
275,040635,FIFTH CREEK POND,8/3/84,75.08240278,43.84062222,2.3,10
276,040788,EAGLES NEST LAKE,8/3/84,74.72794722,43.76395278,3.9,15
277,060204,BEAVER POND,8/3/84,74.17210278,44.212,6.1,30
278,060324,SHALLOW LAKE,8/3/84,74.74406111,43.81673056,4.5,30
279,040718,NELSON LAKE,8/6/84,75.07100556,43.63979167,5.1,30
280,040726,UNNAMED POND,8/6/84,75.01850556,43.67784444,11.6,160
281,040907,ROUND POND,8/6/84,75.14266944,43.595625,4.3,25
282,040742,FLY POND,8/7/84,74.90128611,43.74923333,NA,70
283,040827,FAWN LAKE,8/7/84,74.77905833,43.7134,NA,100
284,040836,STINK LAKE,8/7/84,74.80988889,43.6309,NA,100
285,040837,BALSAM LAKE,8/7/84,74.79683056,43.6284,NA,45
286,040846,UNNAMED POND,8/7/84,74.80794722,43.68895556,NA,160
287,040847,MITCHELL POND LOWER,8/7/84,74.75433333,43.66895556,NA,15
288,040848,MITCHELL POND UPPER,8/7/84,74.74683333,43.67006667,NA,25
289,040852,INDIAN LAKE,8/7/84,74.76183056,43.6234,4.3,30
290,040855,MOUNTAIN LAKE,8/7/84,74.80238611,43.57923333,5.5,50
291,040858,UNNAMED POND,8/7/84,74.79905278,43.57617778,9.3,80
292,040860,TWIN LAKE UPPER,8/7/84,74.81238333,43.56256667,8.3,100
293,040861,LITTLE DEER LAKE,8/7/84,74.81738333,43.5634,4.5,30
294,040951,LITTLE WOODHULL LAKE,8/7/84,74.99182778,43.52784722,8.1,80
295,040952,LILY LAKE,8/7/84,74.99710833,43.53284722,5.1,30
296,041010,GOOSENECK LAKE,8/7/84,74.85683056,43.5709,11.3,140
297,041011,SNYDER LAKE,8/7/84,74.826275,43.56867778,5,35
298,041012,MONUMENT LAKE,8/7/84,74.821275,43.57367778,3.1,35
299,040579,SNAKE POND,8/8/84,74.91712222,43.83423333,NA,15
300,040585,OSWEGO POND,8/8/84,74.89962222,43.85034167,NA,160
301,040758,GULL LAKE SOUTH,8/8/84,74.82211944,43.85423056,NA,5
302,040762,GULL LAKE NORTH,8/8/84,74.81934167,43.86256389,NA,5
303,040571,EAST POND,8/9/84,74.86601111,43.86534167,NA,10
304,040583,JOCK POND,8/9/84,74.86128889,43.85061944,NA,10
305,040747,CASCADE LAKE,8/9/84,74.81239444,43.78923056,NA,10
306,040756,MERRIAM LAKE,8/9/84,74.84545278,43.856175,NA,25
307,040909,POPLAR POND,8/9/84,75.23016944,43.530625,NA,25
308,040970,BUCK POND,8/9/84,75.06294167,43.53006944,NA,90
309,040971,CHUB POND,8/9/84,75.05516389,43.52090278,NA,20
310,060326,LOWER CHAIN POND,8/9/84,74.81322778,43.80256389,NA,30
311,060327,MIDDLE CHAIN POND,8/9/84,74.81322778,43.80478611,NA,25
312,060328,UPPER CHAIN POND,8/9/84,74.81322778,43.80784167,NA,30
313,040573,RAZORBACK POND,8/10/84,74.92267778,43.84867778,NA,5
314,040581,POCKET PONDS,8/10/84,74.88017778,43.83339722,NA,30
315,040678,EAST POND,8/10/84,75.05601111,43.7384,NA,0
316,040680,LITTLE SIMON POND,8/10/84,75.04073333,43.73201111,NA,80
317,040948,DEAD LAKE,8/10/84,75.07293889,43.44868056,5.5,45
318,040967,BREWER LAKE,8/10/84,75.08433611,43.59034722,NA,5
319,020372,LOWER BLACK MTN POND,8/13/84,73.53456111,43.5984,8.4,70
320,020373,UPPER BLACK MTN POND,8/13/84,73.52511667,43.59784444,10.7,100
321,020400,LAPLAND POND,8/13/84,73.51622778,43.59312222,7.9,55
322,020401,UNNAMED POND,8/13/84,73.52178333,43.59284444,6.6,50
323,020402,MILLMAN POND,8/13/84,73.52733889,43.5884,4.9,20
324,020406,GREENLAND POND,8/13/84,73.51678056,43.57645556,6.4,30
325,020407,FISHBROOK POND,8/13/84,73.53622778,43.57367778,2.5,0
326,020411,BUMPS POND,8/13/84,73.55095,43.56062222,5.4,25
327,040632,PANTHER POND,8/13/84,75.17045833,43.81812222,7.5,55
328,040676,BIG OTTER LAKE,8/13/84,75.12573333,43.72284722,6.8,80
329,040706,GRASS POND,8/13/84,75.06461944,43.69034722,4.9,30
330,040850,SQUAW LAKE,8/13/84,74.73849722,43.63617778,NA,5
331,040853,MUSKRAT POND,8/13/84,74.73988611,43.61812222,4.6,35
332,020389A,UNNAMED POND,8/14/84,73.61623333,43.70839722,5.9,35
333,020390,ROUND POND,8/14/84,73.64123333,43.69839722,5.4,15
334,020391,DUCK POND,8/14/84,73.6454,43.70228611,7.4,25
335,020393,SPECTACLE POND,8/14/84,73.5954,43.72089722,7.8,35
336,020394A,LITTLE JABE POND,8/14/84,73.53706389,43.71256389,3.9,10
337,040615,NORTH POND,8/14/84,75.22295833,43.78034722,17.5,160
338,040699,PINE LAKE,8/14/84,75.15461944,43.70173611,6.8,35
339,040700,EAST PINE POND,8/14/84,75.13711944,43.70368056,10.1,100
340,040704,MIDDLE SETTLEMENT LAKE,8/14/84,75.09961944,43.68395833,2.1,5
341,040705,CEDAR POND,8/14/84,75.08434167,43.69340278,8.2,80
342,040707,MIDDLE BRANCH LAKE,8/14/84,75.10184167,43.69784722,3.9,20
343,040849,BEAVER LAKE,8/14/84,74.75183333,43.65117778,6.9,25
344,060310,CHUB POND,8/14/84,74.45543889,43.87700833,17.7,140
345,020353,BEAR POND,8/15/84,73.57540278,43.86700278,4.5,30
346,020354,LOST POND,8/15/84,73.5479,43.82117222,1.7,5
347,020356,BERRYMILL POND,8/15/84,73.58095556,43.81561667,6.7,30
348,020357,GRIZZLE OCEAN,8/15/84,73.59706944,43.82283889,3.1,10
349,020361,HEART POND,8/15/84,73.57345833,43.84978333,5.5,25
350,040694,WEST PINE POND,8/15/84,75.16573333,43.70423611,12.7,150
351,040702,LOST LAKE,8/15/84,75.12795278,43.685625,8.9,125
352,040736,SAFFORD POND,8/15/84,74.91489722,43.78423333,NA,90
353,040740,GOOSE POND,8/15/84,74.90350833,43.78034444,5,15
354,040968,BEAR LAKE,8/15/84,75.05516944,43.59506944,4.8,25
355,020261,SCOTT POND,8/16/84,74.03765,44.14866389,6.6,35
356,020263,UNNAMED POND,8/16/84,74.04653889,44.14783056,8.7,45
357,040625,HALFMOON LAKE,8/16/84,75.25601667,43.81618056,3.9,15
358,040681,BLACKFOOT POND,8/16/84,75.02684444,43.74228889,8.7,55
359,040969,GULL LAKE,8/16/84,75.06766667,43.55145833,3.3,15
360,060247A,OWLS HEAD POND,8/16/84,74.50738611,43.94228333,3.2,5
361,040480,CROPSEY POND,8/17/84,75.07101667,43.91228889,6.9,40
362,040803,BLOODSUCKER POND,8/17/84,75.02128056,43.64173611,18.9,125
363,060292,GRASS POND,8/17/84,74.57544444,43.87339722,3.4,10
364,060299,HELMS POND,8/17/84,74.48627222,43.87784167,4.8,20
365,020232,WARREN POND,8/20/84,73.91709167,44.33088056,9.9,30
366,020385,LONG POND,8/20/84,73.64428889,43.68284167,4.9,25
367,020386,ISLAND POND,8/20/84,73.65428889,43.68061944,11.2,80
368,040638,UNNAMED (LENNON) POND,8/20/84,75.11295833,43.81478889,8.3,55
369,040874,BROOK TROUT LAKE,8/20/84,74.66210556,43.60006667,0.7,5
370,040885,FALLS POND,8/20/84,74.68293889,43.63256667,4.4,25
371,060325,PELCHER POND,8/20/84,74.71739167,43.82478611,3.7,NA
372,040245,JAKES POND,8/21/84,75.12435556,43.97923333,3.9,25
373,040436,SAND POND,8/21/84,75.16351944,43.94784444,5.8,50
374,040443,PEPPERBOX POND,8/21/84,75.061575,43.93867778,6.1,20
375,040492,DUCK POND,8/21/84,75.08129722,43.94312222,3.6,15
376,040760,OTTER POND,8/21/84,74.72572778,43.85534167,3.7,15
377,040866,DEEP LAKE,8/21/84,74.66405,43.61617778,2.6,5
378,040873,WOLF LAKE,8/21/84,74.65599444,43.63006667,6.2,35
379,060301,HAYMARSH POND,8/21/84,74.55933056,43.84311944,9.6,60
380,060322,UPPER HAYMARSH POND,8/21/84,74.73795,43.83923056,6.6,35
381,060323,UNNAMED POND,8/21/84,74.73128333,43.84561944,3.4,5
382,040439,UNNAMED POND,8/22/84,75.14296389,43.91201111,3.8,25
383,040440,UNNAMED POND,8/22/84,75.14463056,43.91006667,4.7,40
384,040456,UNNAMED POND,8/22/84,75.13629444,43.89867778,5.9,40
385,040478,MOSHIER RESERVOIR,8/22/84,75.10851667,43.88645556,4.4,30
386,040484A,UNNAMED POND,8/22/84,75.05518611,43.92784444,3.1,15
387,040487,SUNSHINE POND,8/22/84,75.05379722,43.93201111,3.4,20
388,040489,LOWER MOSHIER POND,8/22/84,75.07713056,43.92478889,6.9,45
389,040490,UNNAMED POND,8/22/84,75.07185278,43.93562222,4,50
390,040491,UPPER MOSHIER POND,8/22/84,75.07185278,43.93756667,5.4,35
391,040869,TWIN LAKE WEST,8/22/84,74.64127222,43.61756667,7.5,40
392,040870,TWIN LAKE EAST,8/22/84,74.63516111,43.62034444,5.8,35
393,040886,JIMMY POND,8/22/84,74.63405,43.63478889,10.4,80
394,040184,GREEN POND,8/23/84,75.05796389,43.96228611,4.8,25
395,040198,LOWER SOUTH POND,8/23/84,75.01240833,43.98173056,2.2,5
396,040199,MIDDLE SOUTH POND,8/23/84,75.01601944,43.98395278,2.2,10
397,040200,UPPER SOUTH POND,8/23/84,75.02324167,43.98978611,4,20
398,040664A,FLORENCE POND,8/23/84,75.26795833,43.73256944,16.2,160
399,040887,LOST POND,8/24/84,74.55793611,43.64673333,9.7,70
400,040888,SLY POND,8/24/84,74.59571667,43.67228889,3.4,15
401,060319,CRANBERRY POND,8/24/84,74.69850278,43.84061944,10,90
402,040708,LITTLE PINE LAKE,8/27/84,75.15239722,43.68340278,9.7,45
403,060315,ALUMINUM POND,8/27/84,74.52793889,43.76895278,12.1,70
404,060331,LONE POND,8/27/84,74.67933611,43.85839722,6.7,30
405,020057,MOUNTAIN POND,7/8/85,74.132375,44.52699444,8.6,40
406,020085,MOODY POND,7/8/85,74.12182222,44.32921667,3.1,10
407,020086,LAKE FLOWER,7/8/85,74.13293333,44.32505278,5.6,30
408,020091,RAY BROOK POND,7/8/85,74.09265278,44.29338333,4.7,40
409,020094,WOLF POND,7/8/85,74.07181944,44.29699444,5.1,20
410,020131,AMPHITHEATER POND,7/8/85,74.36821944,44.30728056,14.9,140
411,020133,UNNAMED POND,7/8/85,74.37044167,44.30866944,18.8,160
412,020264,HEART LAKE,7/8/85,73.96709167,44.17977222,2.7,10
413,020276,LOWER AUSABLE LAKE,7/8/85,73.82458333,44.11810833,3.2,15
414,020277,UPPER AUSABLE LAKE,7/8/85,73.86236111,44.08422222,3.5,25
415,030066,NORTH ELBOW POND,7/8/85,74.07098333,44.602825,4.6,40
416,030067,SOUTH ELBOW POND,7/8/85,74.07515,44.600325,3.1,25
417,030269,HUMDINGER POND,7/8/85,74.28238333,44.3945,6.7,35
418,060119,UNNAMED POND,7/8/85,74.55628056,44.06700556,8.6,50
419,060124,UNNAMED POND,7/8/85,74.540725,44.07339444,12.2,80
420,020265,MARCY DAM POND,7/9/85,73.95264444,44.15894167,3.3,15
421,020350,SNAKE POND,7/9/85,73.55901389,43.97922222,12.8,100
422,030045,MIDDLE NOTCH POND,7/9/85,74.17765556,44.55644167,3.5,20
423,030046,UPPER NOTCH POND,7/9/85,74.17654444,44.55394167,3.8,20
424,030260,SIMKINS POND,7/9/85,74.25849167,44.43894444,3.7,25
425,030358B,UNNAMED POND,7/9/85,74.69629167,44.28867222,6.5,30
426,040744,KANACTO LAKE,7/9/85,74.925175,43.75256667,2.8,10
427,040745,LINDSEY POND (TA-JEC-NA),7/9/85,74.927675,43.75062222,1.7,5
428,040987,EVANS POND,7/9/85,75.14516389,43.37090278,1.9,15
429,040988,LAKE JULIA,7/9/85,75.13599722,43.370625,1.1,10
430,020325,KILKENNY BROOK POND,7/10/85,73.60235556,44.21032778,4.4,50
431,020337,UNNAMED POND,7/10/85,73.48790278,44.06533333,3.5,20
432,030032,CHILDS POND,7/10/85,74.18543611,44.74893889,9.2,110
433,040409,UNNAMED POND,7/10/85,75.27018333,43.84451389,7,90
434,040607,CORK POND,7/10/85,75.267125,43.78423611,4.2,20
435,040608,EVIES POND,7/10/85,75.27379167,43.77868056,7.3,40
436,040618,HOPSICKER POND,7/10/85,75.27795833,43.78979167,5.9,35
437,040717,GULL LAKE,7/10/85,75.08433889,43.64284722,5.8,50
438,040720,OKARA LAKE EAST,7/10/85,75.04322778,43.68145833,3.7,15
439,040721,OKARA LAKE WEST,7/10/85,75.05239444,43.67895833,4.1,30
440,040794,LAKE KATHRYN,7/10/85,74.84795,43.75034444,8.1,70
441,020011,KIWANIS LAKE,7/11/85,73.65625278,44.80226111,5.3,30
442,020068,UNNAMED POND,7/11/85,74.17737778,44.47644167,16.2,220
443,030190,SPRING POND,7/11/85,74.304325,44.4995,4.9,50
444,030193,CHAIN LAKE,7/11/85,74.29793611,44.48394444,10.7,160
445,030195,CLEAR LAKE,7/11/85,74.30321389,44.49644444,3.4,10
446,040693,DYER POND,7/11/85,75.28378889,43.70423611,5.2,15
447,040743,WEST LAKE,7/11/85,74.91739722,43.75645556,2.6,10
448,060121,HEDGEHOG POND,7/11/85,74.55766944,44.06006111,8.6,110
449,060268,LOWER CAT POND,7/11/85,74.53766944,44.03478333,6.6,40
450,060315A,RAQUETTE LAKE RESERVOIR,7/11/85,74.651,43.79506389,7.1,50
451,020157,EMBODY POND,7/12/85,74.41072222,44.36116944,5.9,25
452,020204,CONLEY LINE POND,7/12/85,74.27738333,44.36894444,7.4,25
453,020267,UNNAMED POND(LAKE EATON),7/12/85,73.71625,44.415325,12,80
454,060125,SPERRY POND,7/12/85,74.51766944,44.08283889,8.7,120
455,060269,MIDDLE CAT POND,7/12/85,74.51961111,44.03645,6.3,30
456,060270,UPPER CAT POND,7/12/85,74.51988889,44.03895,5.6,30
457,060063,CROOKED LAKE,7/15/85,74.73546389,44.34172778,10.5,70
458,060064,ROBERTS POND,7/15/85,74.74296389,44.34589444,11.3,100
459,060065,PRESTON POND,7/15/85,74.73212778,44.34589444,3.7,15
460,060134,CHARLEY POND,7/15/85,74.68434167,44.02895,5.7,35
461,020060,UNNAMED POND,7/16/85,74.12848611,44.51032778,6.1,25
462,020225B,ALLEGANY BROOK POND,7/16/85,73.77569722,44.54254444,13.8,100
463,060011,ARBUCKLE POND,7/16/85,74.91769444,44.513675,3.6,5
464,060023,ORMSBEE POND,7/16/85,74.79769167,44.493675,5.5,25
465,020045,MERRILL POND,7/17/85,74.01986944,44.51449167,4,30
466,020049,LOWER INMAN POND,7/17/85,74.09209444,44.56810556,4.7,20
467,030255,UNNAMED POND,7/17/85,74.30043889,44.43338889,3.4,15
468,030256,BLACK POND,7/17/85,74.30099444,44.43672222,3.5,15
469,030258,SOUR POND,7/17/85,74.27460278,44.43255556,3.6,20
470,030274,POTTER POND,7/17/85,74.29960556,44.42811111,5.4,20
471,030148,DOUGLAS POND,7/18/85,74.37821944,44.39339167,7,45
472,040545,SNELL POND,7/18/85,74.73601111,44.02867222,7.9,70
473,060150,SOUTHERN HORNET POND,7/19/85,74.7224,44.09672778,4,15
474,060151,NORTHERN HORNET POND,7/19/85,74.72462222,44.09978333,4.5,25
475,060152,HORNET (3 POUND) POND,7/19/85,74.732125,44.09978333,2.3,5
476,060194,UNNAMED (LOST) POND,7/19/85,74.303775,44.21394722,8.1,55
477,020245,DUCK POND,7/22/85,73.92875833,44.31726944,8.9,70
478,020268,CLEMENTS POND,7/22/85,73.76069444,44.31615833,13.4,120
479,040684,GIBBS LAKE,7/22/85,75.00489722,43.72978889,7.3,35
480,040731A,ROUND POND,7/22/85,74.97239722,43.73701111,0.7,0
481,040804,NICKS LAKE,7/22/85,74.99545,43.67145556,4.4,20
482,040824,BEAVERDAM POND,7/22/85,74.85266944,43.69867778,10.8,100
483,040826,LIMEKILN LAKE,7/22/85,74.81266944,43.7134,2.7,5
484,040840,UNNAMED POND,7/22/85,74.81405556,43.67673333,11.9,110
485,040841,UNNAMED (KETTLE) POND,7/22/85,74.81905556,43.67395556,11.7,80
486,040854,HORN LAKE,7/22/85,74.82099722,43.60145556,2.6,5
487,040856,UNNAMED POND,7/22/85,74.78488611,43.58256667,8.5,50
488,040857A,UNNAMED POND,7/22/85,74.79238333,43.56673333,11.1,100
489,040859,TWIN LAKE LOWER,7/22/85,74.81293889,43.56256667,13.1,90
490,040994,COTTON LAKE,7/22/85,74.95099167,43.43423611,4.9,15
491,040995,BURP LAKE,7/22/85,74.90460278,43.46118056,4.1,15
492,040996,BLACK CREEK LAKE,7/22/85,74.90571389,43.44951389,2.7,10
493,041000,TWIN LAKES RESERVOIR,7/22/85,74.95766111,43.475625,8,80
494,041003,LITTLE SALMON LAKE,7/22/85,74.846825,43.49395833,2.6,10
495,041009,UNNAMED POND,7/22/85,74.93155278,43.56728889,10.7,70
496,041015,HARDSCRABBLE POND,7/22/85,74.88655,43.54673333,3.1,20
497,041016,UNNAMED POND,7/22/85,74.85460556,43.54451111,9,45
498,020298,ROUND POND,7/23/85,73.58874722,44.38393611,6.8,25
499,020306,TROUT POND,7/23/85,73.57180278,44.415325,5.2,15
500,040500,EVERGREEN LAKE,7/23/85,75.01573889,43.91645556,2.1,10
501,040501,UNNAMED POND,7/23/85,75.01129444,43.9209,12.1,100
502,040502,PEAKED MOUNTAIN LAKE,7/23/85,75.00435,43.91117778,2.6,10
503,040675,WEST POND,7/23/85,75.12323333,43.73145833,8.7,40
504,040683,UNNAMED POND,7/23/85,75.01767778,43.73367778,10.8,175
505,040722,ROCK POND,7/23/85,75.040175,43.69728889,9.2,100
506,040727,WINDFALL POND,7/23/85,75.00795278,43.69478889,3.9,25
507,040905,BARNES LAKE,7/23/85,75.22628333,43.56451389,8.9,15
508,040906,UNNAMED POND,7/23/85,75.14655833,43.59506944,6.5,45
509,040921,DEER POND,7/23/85,75.17044444,43.53673611,4.7,35
510,040922,LONG LAKE,7/23/85,75.15878056,43.54756944,4.8,20
511,040923,BRANDY LAKE,7/23/85,75.15405833,43.56840278,4.6,15
512,040924,UNNAMED POND,7/23/85,75.14294722,43.57173611,9.5,100
513,040925,LOST POND,7/23/85,75.13294722,43.58840278,11.4,80
514,040927,MUDHOLE POND,7/23/85,75.19433611,43.53201389,4.4,15
515,040963,GRANNY MARSH POND,7/23/85,75.08433333,43.57229167,13.4,110
516,040984,BLOODSUCKER POND,7/23/85,75.02405556,43.59868056,5.7,45
517,040991,MAPLE LAKE,7/23/85,75.08210556,43.40423611,3,20
518,041001,MINK LAKE,7/23/85,75.02099444,43.47701389,5.3,40
519,041002,REEDS POND,7/23/85,75.00849444,43.47895833,6.2,55
520,060298,LOWER HELMS POND,7/23/85,74.49238333,43.87756389,9,50
521,020286,FRANCES LAKE,7/24/85,73.51124444,44.35810556,8.6,45
522,020288A,THRALL DAM POND,7/24/85,73.55624444,44.26477222,4.5,40
523,020292,COPPER (COPPERAS) POND,7/24/85,73.58235833,44.38615833,7.1,30
524,040196,BEAR POND,7/24/85,75.00990833,43.958675,2.7,10
525,040197,DIANA POND,7/24/85,75.00574167,43.95478611,2.4,5
526,040494,SHALLOW POND,7/24/85,75.03907222,43.92034444,1.8,5
527,040495,UNNAMED POND,7/24/85,75.03629444,43.92256667,6.3,40
528,040496,RAVEN LAKE,7/24/85,75.03990556,43.92006667,1.8,10
529,040497,UNNAMED POND,7/24/85,75.01713056,43.94034167,5.2,30
530,040498,LYON LAKE,7/24/85,75.024075,43.94200833,2.2,5
531,040499,SLIM POND,7/24/85,75.02157222,43.9234,6.4,20
532,040505,HIDDEN LAKE (HANK'S PD),7/24/85,74.99101667,43.92145278,2.6,5
533,040506,UNNAMED POND,7/24/85,75.00157222,43.92534167,8.2,45
534,040508,GINGER POND,7/24/85,75.00268333,43.92700833,8,80
535,040510,UNNAMED POND,7/24/85,74.99740556,43.93423056,7.2,40
536,040511,SODA POND,7/24/85,75.00823889,43.93450833,0.2,0
537,040185,TWIN PONDS,7/25/85,75.04768611,43.95728611,6.7,55
538,040186,LOON HOLLOW POND,7/25/85,75.04490833,43.96145278,3.7,10
539,040187,BRINDLE POND,7/25/85,75.04990833,43.99534167,6.3,110
540,040194,UNNAMED POND,7/25/85,75.02601944,43.95839722,18,300
541,040195,MUSKRAT POND,7/25/85,75.03463056,43.94478611,5.1,20
542,040246,BUCK POND,7/25/85,75.0688,43.99534167,7.3,100
543,040247,HOG POND,7/25/85,75.06768611,43.98756389,17.6,300
544,040438,IKE'S POND,7/25/85,75.14518611,43.90201111,3.3,10
545,040442,MCCABE POND,7/25/85,75.16518611,43.92284444,12.5,125
546,040444A,UNNAMED POND,7/25/85,75.13768611,43.94034444,8.8,140
547,040446,TIED LAKE,7/25/85,75.06879722,43.97923056,4.2,30
548,040449,BEAVER LAKE,7/25/85,75.16129444,43.88256667,3.5,20
549,040450,LITTLE BEAVER LAKE,7/25/85,75.16268333,43.86978889,5.6,55
550,040457,UNNAMED POND,7/25/85,75.13074167,43.90645556,7.8,50
551,040488,UNNAMED POND,7/25/85,75.05101944,43.94728889,6.4,35
552,040617,STONY LAKE,7/25/85,75.21684722,43.77729167,4,20
553,040628,TROUT POND,7/25/85,75.18407222,43.83367778,9.6,150
554,040630,BILLS POND,7/25/85,75.15268333,43.84228889,7.8,150
555,040631,MIKES POND,7/25/85,75.18184722,43.81534444,21.1,200
556,040636,UNNAMED POND,7/25/85,75.10879167,43.8134,13.2,100
557,040639,HITCHCOCK LAKE,7/25/85,75.049625,43.84701111,5.7,25
558,040642,GRASS POND,7/25/85,75.07629167,43.78645556,7.6,55
559,040646,UNNAMED POND,7/25/85,75.01517778,43.75617778,5.2,25
560,040667,EAST POND,7/25/85,75.21295833,43.768125,18.9,300
561,040679,UNNAMED POND,7/25/85,75.0249,43.76312222,5.4,20
562,040792,UNNAMED POND,7/25/85,74.67072222,43.761175,6.5,15
563,060318,FOX POND,7/25/85,74.66628056,43.81311944,9.8,90
564,030076,SPRING POND,7/26/85,74.27877222,44.65060833,6.5,35
565,030079,DIAMOND POND,7/26/85,74.30127222,44.67783056,2.7,10
566,060084,PINE POND,7/26/85,74.65712222,44.14172778,5.9,35
567,060148,LITTLE PINE POND,7/26/85,74.65851111,44.13145,2.7,10
568,040111,GRAHAM POND,7/29/85,75.25353611,44.21367222,4.7,15
569,040113,SNYDER LAKE,7/29/85,75.23353611,44.20756389,4.2,15
570,040120,PORTAFERRY LAKE,7/29/85,75.20436944,44.22311667,4.3,20
571,040134,BEAR LAKE,7/29/85,75.16408611,44.156175,NA,80
572,040137,ROCK LAKE,7/29/85,75.140475,44.16645278,5.7,35
573,040144,BIG HILL POND,7/29/85,75.275475,44.12978611,8.6,55
574,040152,ELIJAH LAKE,7/29/85,75.23991944,44.09756389,NA,10
575,040219A,LONG LEVEL POND,7/29/85,75.25463611,44.00562222,NA,80
576,040227,MUD POND,7/29/85,75.23435556,43.97534444,9.3,100
577,040233,LITTLE DEER POND,7/29/85,75.18796667,44.01395556,8.8,70
578,040240,DESERT POND,7/29/85,75.13407778,44.01617778,23.9,300
579,040416,LOWER WEST POND,7/29/85,75.23296389,43.88284444,3.8,15
580,040419,GOOSE POND,7/29/85,75.24352222,43.96562222,16,160
581,040421,UNNAMED POND,7/29/85,75.24768889,43.9559,6.2,25
582,040424,TAYLORVILLE RESERVOIR,7/29/85,75.31074167,43.92812222,4.3,30
583,040432,UNNAMED POND (TWIN WEST),7/29/85,75.22351944,43.89506667,4.4,10
584,040595,CRYSTAL LAKE,7/29/85,75.28018333,43.83979167,2.1,5
585,040605,HINCHINGS POND,7/29/85,75.27823611,43.75729167,NA,0
586,040610,LONG LAKE,7/29/85,75.27129167,43.77840278,NA,15
587,040663,SAND POND,7/29/85,75.28879167,43.74479167,NA,5
588,040782,UNNAMED POND,7/29/85,74.96878611,43.71256667,4.3,15
589,040211,UNNAMED POND,7/30/85,74.95296111,43.97950833,15.9,175
590,040212,UNNAMED POND,7/30/85,74.94296111,43.97756389,9,60
591,040213,UNNAMED POND,7/30/85,74.94129444,43.97589722,4.6,15
592,040513,UNNAMED POND,7/30/85,74.99518611,43.94728611,7.1,30
593,040516,UNNAMED POND,7/30/85,74.99185278,43.953675,9.6,90
594,040518,CAT POND,7/30/85,74.92768333,43.94478611,8.7,25
595,040526,UNNAMED POND,7/30/85,74.93212778,43.98534167,3.7,5
596,040548,MUD POND,7/30/85,74.71850833,43.98006111,NA,40
597,040565,SHINGLE SHANTY POND,7/30/85,74.77461944,43.91895278,4.4,25
598,040566,UNNAMED POND,7/30/85,74.77545278,43.91311944,NA,120
599,040576A,OUTLET POND,7/30/85,74.96823611,43.85978889,8.7,70
600,040577,LITTLE ROCK POND,7/30/85,74.9424,43.8334,6.7,70
601,040578,BUCK POND,7/30/85,74.93323333,43.82395556,2.7,5
602,040584,TWITCHELL LAKE,7/30/85,74.89295556,43.841175,2.6,15
603,040650,LITTLE INDEPENDENCE POND,7/30/85,74.96212222,43.79673333,12.5,160
604,040650A,DOE POND,7/30/85,74.9574,43.7959,5,20
605,040750A,WINDFALL POND,7/30/85,74.83100833,43.80506389,3.3,10
606,040753,WEST POND,7/30/85,74.88295278,43.81145556,4.9,40
607,040773,UNNAMED POND,7/30/85,74.742675,43.89089722,NA,25
608,040775A,PUG HOLE POND,7/30/85,74.80600833,43.82284167,5.6,35
609,040926,OTTER LAKE,7/30/85,75.12600278,43.58701389,6.6,40
610,060297,UNNAMED POND,7/30/85,74.52710833,43.87700833,NA,100
611,060300,ELDON LAKE,7/30/85,74.62766667,43.83895278,4.9,15
612,060304,UTOWANA LAKE,7/30/85,74.54321944,43.83478611,3.9,10
613,060306,EAGLE LAKE,7/30/85,74.48766111,43.84200833,3.2,5
614,060309,PINE POND,7/30/85,74.50655278,43.86228611,2.9,0
615,030100,EGG POND,7/31/85,74.69546111,44.51284167,0.7,25
616,040789,BUG LAKE,7/31/85,74.72933611,43.763675,4.3,10
617,040851,UNNAMED POND,7/31/85,74.74738611,43.6284,8.2,45
618,040862,CARTER MUDHOLE,7/31/85,74.75043889,43.58228889,4.6,25
619,040868,TWIN LAKES WEST,7/31/85,74.64182778,43.61812222,7.4,40
620,040872,UNNAMED POND,7/31/85,74.68488333,43.6159,8.9,60
621,040880,BEAR POND,7/31/85,74.69961111,43.70756667,10.5,50
622,040889,CELLAR POND,7/31/85,74.54016111,43.72395556,9.3,60
623,040890,LITTLE MOOSE LAKE,7/31/85,74.54071389,43.68228889,4.7,15
624,040949,STONE DAM LAKE,7/31/85,75.04932778,43.49173611,6.5,40
625,060019,UNNAMED POND,7/31/85,74.84630278,44.53950556,15.5,90
626,060246,MUD POND,7/31/85,74.43877222,43.89811944,6.5,25
627,060311,MINNOW POND,7/31/85,74.44238333,43.87700833,5.1,15
628,060312,MOHEGAN LAKE,7/31/85,74.65016389,43.74311944,6.4,35
629,060316,LOWER BROWNS TRACT POND,7/31/85,74.70044722,43.80478611,5.4,20
630,020313,LITTLE NICHOLS POND,8/1/85,73.53846389,44.16338611,10.9,90
631,040881,LOST POND,8/1/85,74.66571944,43.68812222,9.2,120
632,060110,TUPPER LAKE RESERVOIR,8/1/85,74.47016944,44.18478333,13,110
633,060308,PINE POND,8/1/85,74.49377222,43.86200833,12.8,80
634,030177,WOLF POND,8/2/85,74.34599444,44.53116667,7.6,50
635,030182,NORTHERN STAR MTN. POND,8/2/85,74.266825,44.54588611,7,40
636,030183,SOUTHERN STAR MTN. POND,8/2/85,74.26821389,44.54449722,6.5,40
637,030225,MADAWASKA POND,8/2/85,74.39488611,44.51894722,10.5,110
638,040171,WOLF POND,8/2/85,75.11491111,44.03700833,12,120
639,040188,GRASS POND,8/2/85,75.04407778,43.998675,9.3,70
640,040434A,IN OUT POND,8/2/85,75.21685278,43.92145556,4.9,20
641,060123,HANDSOME POND,8/2/85,74.45266667,44.06645,3.4,10
642,060211,LOWER MOOSE POND,8/2/85,74.41488611,44.07672778,4.8,15
643,060255,GRAMPUS LAKE,8/2/85,74.48516667,44.02311667,4.7,15
644,020070,CLEAR POND,8/5/85,74.17071111,44.48060833,4.3,15
645,020314,NICHOLS POND,8/5/85,73.51929444,44.15394167,6.2,15
646,020339,MUD POND,8/5/85,73.50790556,44.119775,7.6,35
647,020340,NORTH POND,8/5/85,73.51346111,44.12783056,4.6,15
648,020348,BULLPOUT POND,8/5/85,73.53151389,44.00422222,9.1,35
649,020376,HIDDEN LAKE LOWER,8/5/85,73.745675,43.38729167,5.4,25
650,020377,HIDDEN LAKE UPPER,8/5/85,73.75928611,43.38479167,3.4,5
651,030249,UNNAMED POND,8/5/85,74.30432778,44.43616667,5.6,25
652,030257,LONG POND,8/5/85,74.29293889,44.44561111,5.8,55
653,030367,JOCKS POND,8/5/85,74.667125,44.28950556,6.4,25
654,030368,PINE POND,8/5/85,74.66434722,44.25061667,5.3,15
655,030369,MASSAWEPIE LAKE,8/5/85,74.662125,44.25006111,3.7,15
656,030372,DEER POND,8/5/85,74.66267778,44.22978333,3.2,5
657,030373,HORSESHOE POND,8/5/85,74.64462222,44.24811667,5.7,15
658,030374,BOOTTREE POND,8/5/85,74.65795556,44.24006111,4.5,15
659,020452,BUTLER POND,8/6/85,73.73206389,43.36201389,NA,15
660,040145,GOOSE POND,8/6/85,75.28158889,44.14811944,10.7,80
661,040343,BUCK POND,8/6/85,74.99685556,44.06311944,10.2,140
662,040353,STREETER FISHPOND,8/6/85,74.97101944,44.01478611,3.6,10
663,040367,HYDE POND,8/6/85,74.90073889,44.01506389,5.9,55
664,040370,UNNAMED POND,8/6/85,74.92323889,44.01228611,13.2,120
665,040377,GULL LAKE,8/6/85,74.88268333,44.02173056,0.9,0
666,040379,DEER POND,8/6/85,74.87296111,44.01311667,5.1,25
667,040380,PARTLOW MILLDAM,8/6/85,74.84907222,44.01950556,3.7,40
668,040381,JENKINS POND,8/6/85,74.85935,44.00811667,4.4,30
669,040382,PARTLOW LAKE,8/6/85,74.84129167,44.00228333,4.9,30
670,040542,HARRINGTON POND,8/6/85,74.76545556,44.02256111,20.1,300
671,040543,SCHLEY POND,8/6/85,74.78795833,44.02533889,19.6,300
672,060085,PIERCEFIELD FLOW,8/6/85,74.56572778,44.23339444,5.1,30
673,060088,MINNOW POND,8/6/85,74.53045,44.19367222,4.3,25
674,060118,ROUND LAKE,8/6/85,74.58017222,44.08617222,5.7,35
675,060137,SOUTH BETTNER POND,8/6/85,74.65573056,44.03533889,7.7,55
676,060140,CUB POND,8/6/85,74.66823056,44.05728333,8.8,80
677,060141,UNNAMED POND,8/6/85,74.63878611,44.06367222,9.9,50
678,060176,CLEAR POND,8/6/85,74.76518056,44.04395,4.9,15
679,060177,UNNAMED POND,8/6/85,74.75073333,44.04283889,11.3,140
680,060179,BLACK POND,8/6/85,74.58572778,44.15089444,12.1,140
681,020382,WING POND,8/7/85,73.63623056,43.60673333,4.4,15
682,040170,UNNAMED POND,8/7/85,75.12880278,44.06561944,20,350
683,040173,MASSAWEPIE POND,8/7/85,75.0863,44.02811944,NA,120
684,040179,KELLY POND,8/7/85,75.05518889,44.00561944,NA,150
685,040327,COWHORN POND,8/7/85,74.84657222,44.09117222,4.4,15
686,040329,CAT MOUNTAIN POND,8/7/85,74.86185278,44.09422778,2.5,0
687,040331,UNNAMED POND,8/7/85,74.87463056,44.08450556,10.4,160
688,040356,UNNAMED POND,8/7/85,74.88629722,44.09033889,4.8,45
689,040357,GLASBY POND,8/7/85,74.88240833,44.09922778,NA,60
690,040361,CLEAR POND,8/7/85,74.85851667,44.07645,2.9,5
691,040363,SLENDER POND,8/7/85,74.84851667,44.07922778,3.9,10
692,040454,WOODWARDIA POND,8/7/85,75.16629444,43.86867778,15.4,140
693,040458,BEAR POND,8/7/85,75.11768611,43.91895556,NA,30
694,060035,WHITNEY POND,8/7/85,74.62906667,44.45173056,7.1,110
695,060035A,KETTLE POND,8/7/85,74.62601111,44.43506389,7.1,55
696,060036,MIDGET POND,8/7/85,74.70101667,44.42950833,7.6,55
697,060155,FIRST POND,8/7/85,74.72184444,44.09089444,4.8,20
698,060156A,SECOND POND,8/7/85,74.73823611,44.09256111,5.4,20
699,060169,TOMAR POND,8/7/85,74.80323611,44.06533889,9.9,80
700,060170,HALFMOON POND,8/7/85,74.82546111,44.08200556,4.6,20
701,060171,TAMARACK POND,8/7/85,74.84212778,44.07533889,6.1,25
702,060173,GRASS POND,8/7/85,74.79962778,44.08533889,4,10
703,020075,CRANBERRY POND,8/8/85,73.90431111,44.47421389,6,20
704,020076,FRANKLIN FALLS FLOW,8/8/85,73.97403611,44.43615833,6.2,35
705,020191,LITTLE CLEAR POND,8/8/85,74.28543889,44.35533333,2.6,10
706,020192,LITTLE GREEN POND,8/8/85,74.29738333,44.35866667,2.8,5
707,020223,UNNAMED POND,8/8/85,73.71625278,44.48088056,20.5,140
708,020228,MUD POND,8/8/85,73.83708889,44.505325,12.1,100
709,020414,CROSSET POND,8/8/85,73.578725,43.49729167,3.7,10
710,030335,BLUE POND,8/8/85,74.87185833,44.391175,10.1,60
711,060014,BARNEY POND,8/8/85,74.80991389,44.466175,5.6,40
712,060015A,LOWER HUGGARD POND,8/8/85,74.81296944,44.45006389,5.7,45
713,020145,MARSH POND,8/9/85,74.39711111,44.34339167,3.6,25
714,020146,TRACK POND,8/9/85,74.38571944,44.34450278,6.2,40
715,020156,MOUNTAIN POND,8/9/85,74.41377778,44.36978056,3.4,10
716,020172,UNNAMED POND,8/9/85,74.41905556,44.32033611,6.3,25
717,020369,MUD POND,8/9/85,73.44567222,43.72728333,13.5,15
718,020399A,GREGORY POND,8/9/85,73.486225,43.58256667,5.4,35
719,020413,THURBER POND,8/9/85,73.57233611,43.50618056,4.1,10
720,020433,INMAN POND,8/9/85,73.58566944,43.49368056,6.3,35
721,030007,BRADLEY POND,8/9/85,73.8932,44.753375,5.7,25
722,030010,NORTH TWIN POND,8/9/85,73.96208889,44.67532222,4.1,25
723,030011,SOUTH TWIN POND,8/9/85,73.96625556,44.67143333,6.6,50
724,030128,DRY CHANNEL POND,8/9/85,74.44738889,44.34839444,3.3,10
725,030128A,OTTER POND,8/9/85,74.43072222,44.35783611,3.3,10
726,030145,NELLIE POND,8/9/85,74.39071944,44.38394722,3.5,15
727,030147,LITTLE FISH POND,8/9/85,74.38405278,44.39505833,4.2,20
728,030153,CLAMSHELL POND,8/9/85,74.36460833,44.38339167,3.8,10
729,030156A,SAINT REGIS POND,8/9/85,74.29266111,44.382,3.7,10
730,030267,LITTLE LONG POND,8/9/85,74.29210556,44.38977778,3.3,5
731,030271,BEAR POND,8/9/85,74.28599444,44.40172222,0.7,0
732,060031,JOE INDIAN POND,8/9/85,74.73991111,44.48284167,11.1,25
733,060272,FIRST ANTHONY POND,8/9/85,74.35293889,44.08033889,3.6,15
734,060274,THIRD ANTHONY POND,8/9/85,74.38960833,44.06978333,4.3,15
735,020344,SMITH POND,8/12/85,73.58012778,44.02561111,8.2,45
736,020345A,TUB MILL POND,8/12/85,73.58429444,44.02588889,5.6,20
737,020352,MUD POND,8/12/85,73.55234722,43.91366944,6.4,25
738,020364,BUCK MOUNTAIN POND,8/12/85,73.46678889,43.90089167,3.1,5
739,020365,WORCESTER POND,8/12/85,73.49817778,43.88394722,4.2,5
740,020379,TROUT LAKE,8/12/85,73.695675,43.5459,3.7,10
741,020384,INDIAN POND,8/12/85,73.63151111,43.64923333,5,10
742,020394,JABE POND,8/12/85,73.530675,43.71034167,4.1,5
743,030302,GREENFIELD POND,8/12/85,75.07686667,44.26811667,5.4,35
744,030303,ROUND POND,8/12/85,75.06853333,44.25783889,4.2,10
745,060182,LITTLE SIMON POND,8/12/85,74.44294444,44.16172778,2.8,5
746,060250,MUD POND,8/12/85,74.42933056,44.01200556,5.7,25
747,060252,ROCK POND,8/12/85,74.42405278,44.02228333,4.5,15
748,020343,PARCH POND,8/13/85,73.60318333,44.04033333,3.3,10
749,020346,BIG LOCK POND,8/13/85,73.58262778,44.01588889,4.4,10
750,020347,UPPER FEEDER POND,8/13/85,73.58068333,44.01366667,8.1,35
751,030126A,BLUE POND,8/13/85,74.48128056,44.36506111,2.8,5
752,030129,WINDFALL POND,8/13/85,74.451,44.36950556,4.5,15
753,030376,CENTER POND,8/13/85,74.70156944,44.16145,10,80
754,040313,CURTIS POND,8/13/85,74.76073889,44.15783889,2.4,5
755,040323,COLVIN POND,8/13/85,74.75434722,44.10978333,2.8,5
756,040324,UNNAMED POND,8/13/85,74.74406944,44.11533889,6.8,70
757,060053,MOUNTAIN POND,8/13/85,74.47878056,44.32978333,5.1,35
758,060056,MUD POND,8/13/85,74.49266944,44.35839444,5.3,20
759,060094,UNNAMED POND,8/13/85,74.42405556,44.27839167,3.7,20
760,060095,LITTLE WOLF LAKE,8/13/85,74.47266944,44.25172778,5,30
761,060101,NORTH SPECTACLE POND,8/13/85,74.48850278,44.29228333,7.7,60
762,060102,SOUTH SPECTACLE POND,8/13/85,74.48933611,44.28895,5.4,45
763,060149,BRADFORD POND,8/13/85,74.71073333,44.10033889,4.5,25
764,060153,UNNAMED (ALFRED) POND,8/13/85,74.70795556,44.09422778,7.8,60
765,060154,LONG POND,8/13/85,74.70156667,44.08506111,4.5,15
766,060162,GRAVES POND,8/13/85,74.75768056,44.09839444,2.9,10
767,060164,IRON POND,8/13/85,74.724625,44.11589444,2.9,5
768,060166,TRIANGLE POND,8/13/85,74.70684444,44.13117222,2.5,15
769,060167,PANTHER POND,8/13/85,74.7024,44.13395,1.3,0
770,060190,TIFF POND,8/13/85,74.32988611,44.21478056,6.1,20
771,060217,BRUEYER POND,8/13/85,74.29543889,44.13617222,9.3,45
772,060218,UPPER BRUEYER POND,8/13/85,74.29627222,44.14367222,9.3,55
773,030069,FAIRLADY POND,8/14/85,74.52850556,44.70700278,3.8,30
774,030080,LAKE DUANE,8/14/85,74.31544167,44.68671944,7.5,55
775,030103A,ARQUETT POND,8/14/85,74.60545556,44.51200833,8.8,60
776,030168,MUD POND,8/14/85,74.50044722,44.66144722,8.3,70
777,060008,JOHNS (GREEN) POND,8/14/85,74.94186389,44.52172778,6.8,30
778,060017A,SOUTH COLTON RESERVOIR,8/14/85,74.88102778,44.51728611,5.2,25
779,060021,SOUTHERN HORTON POND,8/14/85,74.82880278,44.50811944,8.5,35
780,060051,POTTER POND,8/14/85,74.55600556,44.38145,15.4,225
781,060057A,PITCHFORK POND,8/14/85,74.49961389,44.28339444,4.5,10
782,060059,UNNAMED POND,8/14/85,74.72657222,44.36978611,11.1,110
783,060060,UNNAMED POND,8/14/85,74.72379444,44.36673056,7.2,35
784,060068,MUD POND,8/14/85,74.657125,44.29395,16.4,200
785,060070,WINDFALL POND,8/14/85,74.62795556,44.32950556,10.6,50
786,060073,SEVEN SISTERS(LINE) POND,8/14/85,74.61962222,44.28533889,1.9,5
787,060074,SEVEN SISTERS POND,8/14/85,74.61851111,44.28228333,2.5,10
788,060079,UNNAMED POND,8/14/85,74.53489444,44.27061667,11.7,90
789,020048,LOON LAKE,8/15/85,74.07820556,44.56005,3.3,5
790,030028,LAKE TITUS,8/15/85,74.28599722,44.74088611,4.5,20
791,030033,FISHPOLE POND,8/15/85,74.18126667,44.73838333,5.5,35
792,030055,CHARLIE POND,8/15/85,74.11098611,44.68643611,3.9,15
793,030058,RAGGED LAKE,8/15/85,74.06653889,44.70754444,11.5,100
794,030061,GRASS POND,8/15/85,74.09903889,44.680325,6.9,110
795,030078,HORSESHOE POND,8/15/85,74.28932778,44.66033056,4.4,40
796,030083,EAGLE POND,8/15/85,74.27877222,44.66838611,2.9,10
797,030315,TWIN POND UPPER,8/16/85,74.96130833,44.46534167,10.2,60
798,030318,MARSH POND,8/16/85,74.93075,44.44700833,20.7,200
799,030333,SLOUCH POND,8/16/85,74.94825,44.31811667,9.9,70
800,030336,LITTLE BLUE POND,8/16/85,74.81268889,44.34950556,3.2,10
801,030337,CLEAR POND,8/16/85,74.80935556,44.33700556,3.2,10
802,030341,PLEASANT LAKE,8/16/85,74.85519167,44.33561667,4,15
803,030342,MILE POND,8/16/85,74.97936389,44.34006111,7.3,60
804,030350,MASSAWEPIE POND,8/16/85,74.82991111,44.29256111,10.4,140
805,030352,SAMPSON POND,8/16/85,74.76213056,44.27145,8.6,80
806,030360,WOLF POND,8/16/85,74.81157778,44.30561667,2.9,30
807,030361,BEAVER POND,8/16/85,74.79963333,44.32978333,5.5,25
808,060013,FRENCH LAKE,8/16/85,74.85991389,44.46784167,15.5,80
809,030358,CARTRIDGE HILLS POND 3,8/19/85,74.69156944,44.28283889,4.8,25
810,040713,TWIN SISTER LAKE,8/19/85,75.17795,43.62340278,8,40
811,020038,ORE POND,8/20/85,73.80791944,44.59087778,10.3,70
812,020439,BEAR POND,8/20/85,73.67456111,43.39451389,8.2,10
813,030208,UNNAMED POND,8/20/85,74.48239167,44.62033611,7.5,55
814,030088,LAKE FLORENCE,8/21/85,74.26265833,44.61394167,10.1,90
815,030345,MOOSEHEAD POND,8/23/85,74.95047222,44.24783889,4.5,15
816,040122,SMITH POND,8/23/85,75.22326111,44.24756111,4.4,15
817,040256,PARTLOW POND,8/23/85,75.13020278,44.26311667,7.2,50
818,040260,UNNAMED POND,8/23/85,75.19881667,44.26922778,3.9,25
819,040261,UNNAMED POND,8/23/85,75.19214722,44.26617222,4.3,25
820,040265,FLAT ROCK RESERVOIR,8/23/85,75.07325278,44.22172778,4,30
821,040267,TWIN LAKE NORTH,8/23/85,75.04269444,44.17423056,2.3,10
822,040281,STAR LAKE,8/23/85,75.03380556,44.15061944,4.3,5
823,040300,MUSKRAT POND,8/23/85,74.93296944,44.18950556,4.4,70
824,040303,CHAUMONT POND,8/23/85,74.94741389,44.20839444,4.3,40
825,040304,LOST POND,8/23/85,74.94269167,44.18950556,6.6,220
826,040864A,UNNAMED POND,8/27/85,74.70932778,43.60978889,NA,80
827,020187,UNNAMED POND,8/31/85,74.31127222,44.34616944,14.7,160
828,020381,EDGECOMB POND,7/7/86,73.68373056,43.57895556,8.7,20
829,020383A,BROWN POND,7/7/86,73.578175,43.65784167,12.1,100
830,020371,SHELTERED LAKE,7/8/86,73.48233611,43.61062222,4.6,10
831,020383,POLEHILL POND,7/8/86,73.64623056,43.62784444,6.2,35
832,020387,UNNAMED POND,7/8/86,73.66317778,43.68478611,12.6,110
833,020398,PINE LAKE,7/8/86,73.45705833,43.60951111,5,10
834,020412,LAKES POND,7/8/86,73.54844722,43.485625,2.9,10
835,020425,COPELAND POND,7/8/86,73.55789167,43.430625,3.9,15
836,040725,UNNAMED POND,7/8/86,75.01683889,43.67867778,10.2,110
837,040729A,UNNAMED POND,7/8/86,75.01573056,43.71034444,14.6,180
838,040757,LITTLE CHIEF POND,7/8/86,74.83128611,43.84450833,8.2,60
839,040775,MAYS POND,7/8/86,74.81573056,43.82145278,1.1,0
840,040806,UNNAMED POND,7/8/86,75.02989167,43.62090278,4.4,35
841,040863,UNNAMED POND,7/8/86,74.71849444,43.58117778,3.2,10
842,040871,UNNAMED POND,7/8/86,74.69516111,43.61312222,4.6,20
843,040875,NORTHRUP LAKE,7/8/86,74.68516111,43.58006667,3.2,10
844,040910,BUCK LAKE,7/8/86,75.21628056,43.55201389,6.5,30
845,040920,ROUND LAKE,7/8/86,75.17655556,43.52923611,4.2,10
846,040935,ALDER POND,7/8/86,75.20766667,43.438125,4.5,25
847,040958,WHITE LAKE,7/8/86,75.14433333,43.54534722,2.6,0
848,040972,UNNAMED POND,7/8/86,75.023775,43.54284722,4.2,25
849,040984A,KAYUTA LAKE,7/8/86,75.20738889,43.42340278,6.3,45
850,040992,NORTH BRANCH LAKE,7/8/86,74.96515833,43.44090278,7.1,50
851,041007,NORTH LAKE,7/8/86,74.94766111,43.52284722,5,20
852,041008,MUD POND,7/8/86,74.93683056,43.54840278,11.9,140
853,041017,UNNAMED POND,7/8/86,74.90460833,43.54756667,6.7,35
854,060313,SAGAMORE LAKE,7/8/86,74.62821944,43.76589722,7.1,40
855,060329,QUEER LAKE,7/8/86,74.80656111,43.813675,2.3,5
856,020351,SHERMAN LAKE,7/9/86,73.54456944,43.98755556,5.6,25
857,020351B,GOOSEPUDDLE POND,7/9/86,73.54484722,43.99311111,5.3,25
858,020428,SLY POND,7/9/86,73.59400278,43.45173611,3.4,10
859,020432,HADLOCK LAKE,7/9/86,73.57705833,43.41451389,3.2,10
860,020436,LAKE NEBO,7/9/86,73.55066944,43.473125,3.8,5
861,040417,UPPER WEST POND,7/9/86,75.22879722,43.88728889,9.5,70
862,040426,EFFLEY FALLS RESERVOIR,7/9/86,75.27713056,43.9234,4.6,30
863,040429,SNIDER POND,7/9/86,75.24268611,43.92923333,4,20
864,040431,SOFT MAPLE DAM POND,7/9/86,75.22546389,43.91562222,4.6,30
865,040434,SOFT MAPLE RESERVOIR,7/9/86,75.22351944,43.91867778,4.9,35
866,040437,UNNAMED POND,7/9/86,75.18463056,43.8884,9.7,70
867,040600,PARSONS POND,7/9/86,75.28906944,43.75979167,11.4,110
868,040602,UPPER CHASE LAKE,7/9/86,75.28351389,43.76895833,7.6,80
869,040619,CLEVELAND LAKE,7/9/86,75.28212778,43.79673611,5,15
870,040620,PAYNE LAKE,7/9/86,75.29101667,43.79395833,6.1,25
871,040647,INDEPENDENCE LAKE,7/9/86,74.98434444,43.77506667,3.4,15
872,040651,LITTLE DIAMOND POND,7/9/86,74.97462222,43.80395556,4.6,20
873,040662A,PITCHER POND,7/9/86,75.28628889,43.72090278,11.4,30
874,040664,LITTLE OTTER LAKE,7/9/86,75.26101389,43.743125,6.4,40
875,040677,NORTH POND,7/9/86,75.10406667,43.74368056,10.1,110
876,040689,BRANTINGHAM LAKE,7/9/86,75.27545556,43.68479167,4.8,30
877,040697,GARRIT LAKE,7/9/86,75.26239722,43.63979167,14.3,200
878,040710B,UNNAMED POND,7/9/86,75.24628611,43.62479167,9.8,60
879,040733,BIG DIAMOND POND,7/9/86,74.94962222,43.78895556,4.7,30
880,040734,CLEAR POND,7/9/86,74.95684444,43.76562222,2.5,10
881,040735,LITTLE SAFFORD LAKE,7/9/86,74.95517778,43.76117778,6.1,50
882,020370,UNNAMED POND,7/10/86,73.47816944,43.62062222,6.1,15
883,020399,MUD (GRAPHITE) POND,7/10/86,73.48928056,43.55451111,9,60
884,020431,THIRD POND,7/10/86,73.60233889,43.465625,4.1,5
885,020455A,WILKIE RESERVOIR,7/10/86,73.75511944,43.35284722,3,10
886,040644,UNNAMED POND,7/10/86,75.04601389,43.79312222,5.5,60
887,040825,UNNAMED POND,7/11/86,74.82794722,43.71895556,14.7,175
888,020031A,MAYES POND,7/14/86,73.695975,44.67726389,8,40
889,020034,DOW (DEL) POND,7/14/86,73.86986667,44.63254444,4,25
890,020035,BARNES POND,7/14/86,73.86181111,44.63393333,5,25
891,020036,UNNAMED POND,7/14/86,73.87736667,44.63504444,6.4,40
892,020037,MUD POND,7/14/86,73.82431111,44.62365556,10.9,80
893,020040,MUD POND,7/14/86,73.77069722,44.59087778,11.6,60
894,020320,FIFTH POND,7/14/86,73.54123889,44.11255278,7.1,50
895,020333D,WESTPORT F&G CLUB PD #3,7/14/86,73.46901667,44.15894167,8.9,35
896,020341,ROE'S (MILL) POND,7/14/86,73.53901667,44.089775,4.1,35
897,020045A,DEL (GOLDSMITH) POND,7/15/86,73.94625556,44.62004444,6.4,40
898,020327,BULLET POND,7/15/86,73.72318889,44.12310833,10.2,70
899,020342,ENSIGN POND,7/15/86,73.60179444,44.03311111,8.8,43
900,030001A,UNNAMED POND,7/15/86,73.90320833,44.96059722,9.8,50
901,030009,UNNAMED POND,7/15/86,73.95847778,44.69171111,8.8,40
902,030351,SILVER LAKE,7/15/86,74.82074167,44.23172778,3.8,20
903,040290A,BENSON MINES POND,7/15/86,74.98408056,44.16950556,7.6,100
904,040291,SUNNY POND,7/15/86,74.98380278,44.15561944,6.5,70
905,040298,HEATH POND,7/15/86,74.92963333,44.16950556,13.8,200
906,040303A,BENSON MINES PONDS,7/15/86,74.97796944,44.19145,5.7,40
907,040305,CRANE POND,7/15/86,74.94463611,44.22533889,2.8,5
908,040306,TOOLEY POND,7/15/86,74.92046944,44.26506111,8.4,80
909,040308,DILLON POND,7/15/86,74.86518889,44.22367222,11.6,180
910,020008,MOON POND,7/16/86,73.85070278,44.85031944,7.1,40
911,020021,MUD POND,7/16/86,73.85125556,44.75504167,9.7,70
912,020271A,MUD POND,7/16/86,73.89458889,44.21671389,9.5,117
913,020274,CHAPEL POND,7/16/86,73.75208056,44.14116111,2.6,10
914,020326,LITTLE POND,7/16/86,73.57818611,44.18088333,5.1,20
915,030301,LONG POND,7/16/86,75.06242222,44.27895,3.1,10
916,040118,HILLS POND,7/16/86,75.22825556,44.17895278,9.3,80
917,040123,JONES POND,7/16/86,75.22909444,44.25561667,3.2,20
918,040145A,UNNAMED POND,7/16/86,75.26047778,44.14284167,10,80
919,040147A,UNNAMED POND,7/16/86,75.30214167,44.12589722,11.6,90
920,040153,LITTLE SILVER DAWN LAKE,7/16/86,75.20352778,44.08006389,12.3,175
921,040154,SILVER DAWN LAKE,7/16/86,75.19158333,44.07506389,5.9,30
922,040162,LONG LAKE,7/16/86,75.15575,44.11228611,3.6,15
923,040166,MOULDY POND,7/16/86,75.17741389,44.05978611,6.5,35
924,040167,LITTLE MOULDY POND,7/16/86,75.17269167,44.06478611,8.9,80
925,040168,MULLINS FLOW,7/16/86,75.15241389,44.073675,12.7,80
926,040234A,UNNAMED POND,7/16/86,75.17213333,44.01201111,10.8,90
927,040235,UNNAMED POND,7/16/86,75.17185556,44.01895556,15.7,150
928,040264,DODGE POND,7/16/86,75.10908889,44.25311667,12.2,113
929,040268,TWIN LAKE SOUTH,7/16/86,75.04491667,44.17034167,2,5
930,040282,UNNAMED POND,7/16/86,75.03963611,44.13395278,12.5,160
931,040287,MUD POND,7/16/86,75.03435833,44.103675,12.8,150
932,040288E,UNNAMED POND,7/16/86,75.04519167,44.08339722,15.8,200
933,020006A,LAKE ROXANNE,7/17/86,73.80570278,44.90170556,5.1,30
934,020235,MARSH POND,7/17/86,73.89375556,44.32615833,8.1,60
935,020272A,HIGHLAND FARM POND,7/17/86,73.75319444,44.295325,4.2,10
936,020297,NESBIT POND,7/17/86,73.58485833,44.38310278,7.2,40
937,020301,CLEAR POND,7/17/86,73.59596944,44.37976944,4,15
938,030305,BULLHEAD POND,7/17/86,75.03686667,44.44339444,10.1,100
939,030306,CLEAR LAKE,7/17/86,75.02464444,44.43533889,5.8,25
940,030309,HORSESHOE POND,7/17/86,75.04381111,44.41200556,12.8,100
941,030317,L POND,7/17/86,74.96630833,44.45895278,7.3,45
942,030320A,ORMSBEE POND,7/17/86,74.86546944,44.39284167,12.3,100
943,030321,LONG POND,7/17/86,74.82935556,44.38423056,9.2,80
944,030323,CHURCH POND,7/17/86,74.76963056,44.37978611,12.1,220
945,030324,EARL POND,7/17/86,75.09047778,44.40478333,10.7,100
946,030329,BOYD POND,7/17/86,75.08853333,44.39256111,7.9,50
947,030331,PARMETER POND,7/17/86,74.98936389,44.36256111,17.7,200
948,030332,TRACY POND,7/17/86,74.94658333,44.32589444,10.5,125
949,030344,LITTLE MOOSEHEAD POND,7/17/86,74.95186111,44.24256111,11.8,120
950,030348,BROTHER POND,7/17/86,74.83907778,44.28672778,14.7,200
951,030348A,UNNAMED POND,7/17/86,74.85157778,44.28839444,14,140
952,030349,BROTHER POND,7/17/86,74.83907778,44.28867222,22.1,300
953,030359,LEM POND,7/17/86,74.79963056,44.30589444,28.2,383
954,040293,LITTLE RIVER FLOW,7/17/86,74.97408056,44.16200556,9.3,100
955,040298B,UNNAMED POND,7/17/86,74.93435833,44.18339444,NA,500
956,040299,UNNAMED POND,7/17/86,74.92519167,44.18978333,4.8,100
957,040345,BIG SHALLOW POND,7/17/86,74.94990833,44.05256389,3.4,20
958,040346,WASHBOWL POND,7/17/86,74.94963056,44.048675,8.8,100
959,040347,LITTLE SHALLOW POND,7/17/86,74.95268611,44.048675,3.1,25
960,040348,LITTLE FIVE POND,7/17/86,74.946575,44.056175,6.9,60
961,040349,BIG FIVE POND,7/17/86,74.95185278,44.05284167,7,80
962,040350,LONE DUCK POND,7/17/86,74.974075,44.03700833,4.8,40
963,060061,LONE POND,7/17/86,74.75851944,44.34867222,9,100
964,020012,UNNAMED POND,7/18/86,73.65153056,44.77420833,8.9,100
965,020080,UNNAMED POND,7/18/86,74.08931667,44.50421667,14,70
966,020224,SLUSH POND,7/18/86,73.73236389,44.51115833,8.7,50
967,020225,MILITARY POND,7/18/86,73.72708611,44.5481,6.7,50
968,020249,NEWMAN POND,7/18/86,73.98320556,44.27699167,4.8,35
969,020258A,UNNAMED POND,7/18/86,73.95181389,44.22699167,7.9,80
970,020259,UNNAMED POND,7/18/86,73.88375556,44.24226944,3.5,25
971,040322,SCOTT POND,7/18/86,74.77045833,44.10756111,2.3,0
972,040330,BASSOUT POND,7/18/86,74.86546389,44.08895,8.2,80
973,040359,NICKS POND,7/18/86,74.86296111,44.06700556,4.2,50
974,040378,LITTLE DUCK POND,7/18/86,74.87962778,44.01672778,10.1,80
975,020046,MOUNTAIN POND,7/21/86,74.07515,44.54421667,2.5,5
976,020046A,LINE POND,7/21/86,74.07987222,44.54393889,1.9,5
977,020051,BASS LAKE,7/21/86,74.06737222,44.56643611,6.6,30
978,020081,MARSH POND,7/21/86,74.04237222,44.51755,11.4,120
979,020087,HEART POND,7/21/86,74.11626667,44.31727222,6.5,30
980,020095,OTTER POND,7/21/86,74.05598611,44.29560556,5.2,40
981,030041,GRASS POND,7/21/86,74.11543056,44.58032778,6.1,30
982,040423,BELFORT POND,7/21/86,75.33101944,43.92756944,4.7,35
983,040433,ENGLE POND,7/21/86,75.224075,43.92423333,2.8,20
984,040434B,SEEPAGE POND,7/21/86,75.22046389,43.9109,3.2,20
985,040453,MIRROR POND,7/21/86,75.16407222,43.85756667,16.1,140
986,060143,HORSESHOE LAKE,7/21/86,74.62906389,44.13061667,5.9,35
987,030050,MOUNTAIN VIEW LAKE,7/22/86,74.13626389,44.705325,6.7,53
988,040314,UNNAMED POND,7/22/86,74.749625,44.15422778,8.4,40
989,040315,DONUT POND,7/22/86,74.74045833,44.15645,6.4,35
990,040320,LITTLE FISH POND,7/22/86,74.77379167,44.11672778,3.2,25
991,040320A,UNNAMED POND,7/22/86,74.76934722,44.11478333,4.1,35
992,040320B,UNNAMED POND,7/22/86,74.75851389,44.12617222,13.6,140
993,040321A,UNNAMED POND,7/22/86,74.76740278,44.11256111,3.3,35
994,040322B,UNNAMED POND,7/22/86,74.769625,44.11283889,3.9,35
995,040547,LILYPAD POND,7/22/86,74.73156667,43.98172778,8.3,70
996,040552,SALMON LAKE,7/22/86,74.67378333,43.96422778,4.6,20
997,040558,FLY POND WEST,7/22/86,74.67267222,43.94256111,4.8,25
998,040560,EAST POND,7/22/86,74.69572778,43.92978333,3.6,15
999,040562,WEST POND,7/22/86,74.73573056,43.92783889,10,70
1000,040563,NORTH POND,7/22/86,74.71823056,43.94339444,4.9,25
1001,040564,PANTHER POND,7/22/86,74.71628611,43.96033889,21.3,180
1002,040770,UNNAMED POND,7/22/86,74.72711667,43.90200556,8.4,42
1003,040771,UNNAMED POND,7/22/86,74.72822778,43.89061944,15,100
1004,040772,SOUTH POND,7/22/86,74.73017222,43.89200833,1.8,10
1005,060080,EAGLE CRAG LAKE,7/22/86,74.610175,44.18783889,4.1,20
1006,060082,LILYPAD POND,7/22/86,74.59878611,44.19728333,4.8,25
1007,060087,GULL POND,7/22/86,74.52378333,44.21645,4.3,15
1008,060144,HITCHENS POND,7/22/86,74.65656389,44.11367222,11.4,120
1009,060161,SPRING POND,7/22/86,74.74684722,44.09672778,2.6,5
1010,060163,OTTER POND,7/22/86,74.73101389,44.11395,3,15
1011,060165,LAKE MARION,7/22/86,74.71740278,44.12061667,2.6,10
1012,060278,PILGRIM POND,7/22/86,74.66156111,43.92700556,2.3,10
1013,030051,INDIAN LAKE,7/23/86,74.12876389,44.71199167,5.1,20
1014,040622,HUCKLEBERRY LAKE,7/23/86,75.25795833,43.79340278,8.1,80
1015,040690,PLEASANT LAKE,7/23/86,75.28684444,43.688125,2.3,5
1016,060116,LOST POND,7/23/86,74.60600556,44.08200556,11.6,80
1017,060117,BEAR POND,7/23/86,74.65295278,44.08033889,6.6,40
1018,060135,EAST CHARLEY POND,7/23/86,74.68489722,44.04478333,3.2,10
1019,060136,LITTLE CHARLEY POND,7/23/86,74.70128889,44.04117222,5.3,30
1020,060138,NORTHERN BETTNER POND,7/23/86,74.64656389,44.04145,16.6,175
1021,060139,OTTER POND,7/23/86,74.64323056,44.05978333,8.7,70
1022,060142,LOON POND,7/23/86,74.637675,44.06672778,3.4,10
1023,060145,LITTLE TROUT POND,7/23/86,74.65378611,44.09339444,12,140
1024,060146,TROUT POND,7/23/86,74.657675,44.08867222,3.6,15
1025,060241A,JENNINGS MEMORIAL POND,7/23/86,74.42571667,43.97089444,8.5,70
1026,060244,SHAW POND,7/23/86,74.40405,43.97061667,12.7,133
1027,060256,MOONSHINE POND,7/23/86,74.42127778,44.12561667,8.8,45
1028,020112,BARTLETT POND,7/24/86,74.28294167,44.25005833,13.7,80
1029,020113,UNNAMED POND,7/24/86,74.29321944,44.26533611,8.8,80
1030,020114A,UNNAMED POND,7/24/86,74.321275,44.23228056,8.4,120
1031,020123,FISH CREEK POND,7/24/86,74.35738611,44.29978056,5.2,35
1032,020163,CHURCH POND,7/24/86,74.336275,44.34783611,3.6,0
1033,020191B,MCCAFFERY POND,7/24/86,74.27766111,44.35727778,3.9,15
1034,030031,OWLSHEAD POND,7/24/86,74.18765833,44.75005,13,100
1035,030053,DEERFLY POND,7/24/86,74.10793056,44.69088056,3.8,15
1036,040597,CHASE LAKE,7/24/86,75.31379167,43.76173611,4.9,35
1037,040645,UNNAMED POND,7/24/86,74.99768056,43.79562222,6.5,43
1038,040649,LYONS MARSH,7/24/86,74.97462222,43.80395556,13.2,100
1039,040691,BURNT (MUD) POND,7/24/86,75.28628889,43.69118056,3.2,15
1040,060188,PANTHER POND,7/24/86,74.33849722,44.22839167,4.2,15
1041,020227A,ONCIO POND,7/25/86,73.89736667,44.44338056,10.9,70
1042,020288,BIG POND,7/25/86,73.55624444,44.28477222,10.5,70
1043,020309B,DOYLE POND,7/25/86,73.65152778,44.39949167,7.7,30
1044,020322,WINDSOR POND,7/25/86,73.56957778,44.23810556,5.9,45
1045,020429,FIRST POND,7/25/86,73.60233889,43.46034722,8.2,20
1046,020430,SECOND POND,7/25/86,73.60233889,43.46284722,6.9,20
1047,030057,SOUTH DUCK POND,7/25/86,74.10070556,44.68226944,9.2,70
1048,040784,SURPRISE POND,7/25/86,74.84211667,43.76506667,7.2,25
1049,040918,DOE POND,7/25/86,75.19683333,43.50951389,10.8,20
1050,060122,UNNAMED POND,7/25/86,74.55711389,44.06311667,18.6,140
1051,060125A,UNNAMED POND,7/25/86,74.52655833,44.08395,13,100
1052,020194,GRASS POND,7/28/86,74.28932778,44.37227778,2.9,5
1053,020200,LINDSEY POND,7/28/86,74.27655,44.37116667,4.4,20
1054,020201,ST. GERMAIN POND,7/28/86,74.26126944,44.3795,4.8,20
1055,020203,MEADOW POND,7/28/86,74.27210556,44.38255556,5.3,30
1056,040112,UNNAMED POND,7/28/86,75.21853611,44.19728611,19.1,50
1057,040133,SPIDER POND,7/28/86,75.17881111,44.17339722,12.8,120
1058,040303B,BEAVER POND,7/28/86,75.00158333,44.19561667,4.4,35
1059,040737,UNNAMED POND,7/28/86,74.89545556,43.8184,9.9,60
1060,040738,THIRSTY POND,7/28/86,74.90767778,43.82256667,3,10
1061,040746,MOSS LAKE,7/28/86,74.852675,43.78117778,4.6,25
1062,040748,BUBB LAKE,7/28/86,74.84656111,43.77478889,3.8,15
1063,040749,SIS LAKE,7/28/86,74.857675,43.77062222,4.5,20
1064,040754,SQUASH POND,7/28/86,74.88601111,43.82562222,12.8,140
1065,040937,UNNAMED POND,7/28/86,75.24155833,43.45951389,5.2,35
1066,040985,UNNAMED POND,7/28/86,75.16905278,43.40895833,2.9,20
1067,040301B,BROWN'S FALLS RESERVOIR,7/29/86,75.03658611,44.21283889,6.1,37
1068,040474A,UNNAMED POND,7/29/86,75.09823889,43.85367778,12.3,140
1069,040474B,UNNAMED POND,7/29/86,75.09268333,43.85673333,11.4,90
1070,040580,SILVER LAKE,7/29/86,74.90851111,43.84201111,1.4,0
1071,040586,LITTLE BIRCHES POND,7/29/86,74.87795556,43.85506389,4.5,25
1072,040739,LAKE RONDAXE,7/29/86,74.91600833,43.75645556,3.7,15
1073,040805,UNNAMED POND,7/29/86,74.98628333,43.67312222,7.7,50
1074,040944,FORESTPORT RESERVOIR,7/29/86,75.20627778,43.44006944,6.6,60
1075,040946,UNNAMED POND,7/29/86,75.10488611,43.44173611,19.7,140
1076,030198,MOUNTAIN POND,7/30/86,74.27376944,44.46811111,7,35
1077,030203,CHURCH POND,7/30/86,74.241825,44.44366667,5.8,20
1078,030205,COOLER POND,7/30/86,74.249325,44.43755556,10.9,35
1079,030261,GOOSE POND,7/30/86,74.25849167,44.43977778,17,280
1080,030364,BALSAM POND,7/30/86,74.75518333,44.25228333,13.2,60
1081,040218,TWIN POND WEST,7/30/86,75.23102222,43.99062222,12.1,40
1082,040219,TWIN POND EAST,7/30/86,75.22574444,43.9884,11.9,90
1083,040228,FRENCH POND,7/30/86,75.22852222,43.9759,2.4,10
1084,040230,CLEAR POND,7/30/86,75.22407778,43.98228889,6.1,10
1085,040231,ROCK POND,7/30/86,75.20018889,43.99534444,11.2,160
1086,040232,TROUT POND,7/30/86,75.19463333,43.99784444,13.4,160
1087,040237,LONG POND,7/30/86,75.19213333,43.99367778,11.3,120
1088,040238,ROUND POND,7/30/86,75.19324444,43.98645556,16.2,160
1089,040262,TITUS POND,7/30/86,75.15436944,44.24200556,5.4,20
1090,040451,FRANCIS LAKE,7/30/86,75.17073889,43.85895556,4.7,30
1091,040454A,BEAVER MEADOW LAKE,7/30/86,75.18351667,43.87145556,10.8,80
1092,020189,UNNAMED POND,7/31/86,74.30405,44.34811111,4.2,20
1093,030253,UPPER SPECTACLE POND,7/31/86,74.29988333,44.41783333,3.3,15
1094,030257A,LOWER ST. REGIS LAKE,7/31/86,74.27043611,44.43172222,6.3,45
1095,030264,SPITFIRE LAKE,7/31/86,74.25710278,44.42311111,4.1,15
1096,030343,ALLEN POND,7/31/86,74.99741944,44.34311667,4.1,20
1097,030343A,PINE MARSH POND,7/31/86,75.01353056,44.35200556,10.3,140
1098,030353,EGG POND,7/31/86,74.76879722,44.26367222,35,200
1099,040164,LANES POND,7/31/86,75.22241111,43.99812222,4.9,25
1100,040441A,SADIE POND,7/31/86,75.16768611,43.90951111,25.2,200
1101,040731,WHEELER POND,7/31/86,74.96073056,43.74034444,7,40
1102,040750,DART LAKE,7/31/86,74.87073056,43.7934,4,15
1103,040787A,SIXTH LAKE FULTON CHAIN,7/31/86,74.78183611,43.74506667,4.5,15
1104,030251,DEER POND,8/1/86,74.29877222,44.43922222,7,50
1105,030252,UNNAMED POND,8/1/86,74.29349444,44.44644444,9.8,60
1106,040297,UNNAMED POND,8/1/86,74.92685556,44.17700556,12.9,280
1107,040464A,UNNAMED POND,8/1/86,75.09323889,43.87173333,2.4,25
1108,040783,BALD MOUNTAIN POND,8/1/86,74.92545278,43.73006667,8.6,60
1109,040797,UNNAMED POND,8/1/86,74.93406111,43.70978889,6.2,70
1110,040798,TWIN POND,8/1/86,74.94572778,43.70895556,4.6,30
1111,040802,GRAY LAKE,8/1/86,74.95795,43.70728889,5.2,35
1112,060245,SOUTH POND,8/1/86,74.45432778,43.92867222,4.4,25
1113,060247,SALMON POND,8/1/86,74.37793611,43.90756389,4.1,25
1114,020345,LOWER ROCKPORT POND,8/4/86,73.57707222,44.01783333,6.6,35
1115,030112,MUD POND,8/4/86,74.53572778,44.51256111,14,120
1116,030223,UNNAMED POND,8/4/86,74.500725,44.51867222,3.7,20
1117,060181,MCBRIDE POND,8/4/86,74.431,44.17033889,4.5,15
1118,060183,MOODY POND,8/4/86,74.42211111,44.20894722,8.9,50
1119,060212,UPPER MOOSE POND,8/4/86,74.411275,44.07339444,4.7,20
1120,060223,LATHAM POND,8/4/86,74.25904722,44.09589444,12.8,90
1121,060225C,UNNAMED POND,8/4/86,74.24043611,44.10672778,11.1,70
1122,060230,MOUNTAIN POND,8/4/86,74.14432222,44.14088889,7.7,50
1123,060233,MOOSE POND,8/4/86,74.07404167,44.18116389,6.5,45
1124,060235,DUCK HOLE,8/4/86,74.10904167,44.1395,4.6,20
1125,060238,LOWER PRESTON POND,8/4/86,74.10070833,44.13755556,4.9,15
1126,060239,UPPER PRESTON POND,8/4/86,74.09154167,44.13366667,2.9,10
1127,060251,MOSQUITO POND,8/4/86,74.451275,44.02950556,10.7,60
1128,060257,MOHEGAN LAKE,8/4/86,74.47322222,44.04672778,9.2,60
1129,060273,SECOND ANTHONY POND,8/4/86,74.37516389,44.07950556,5.5,30
1130,060275,HEDGEHOG POND,8/4/86,74.38710833,44.07978333,7.9,50
1131,030356,CARTRIDGE HILLS POND,8/5/86,74.69601389,44.28422778,23.8,240
1132,030357,CARTRIDGE HILLS POND,8/5/86,74.69351389,44.28311667,11,140
1133,060035D,FOX MARSH POND,8/5/86,74.75824167,44.39395278,18.4,200
1134,020111A,UNNAMED POND,8/6/86,74.27516111,44.24061389,10,70
1135,030113,UNNAMED POND,8/6/86,74.51628056,44.51506111,21.7,180
1136,030366,GRASS RIVER FLOW,8/6/86,74.74435,44.25506111,15.9,160
1137,030370,CATAMOUNT POND,8/6/86,74.63962222,44.26756111,18.1,160
1138,030371,TOWNLINE POND,8/6/86,74.66517778,44.22700556,3.8,5
1139,040310,EGG POND,8/6/86,74.73296111,44.24283889,32.8,200
1140,040311,LILYPAD POND,8/6/86,74.73768333,44.24533889,18.7,180
1141,060031A,UNNAMED POND,8/6/86,74.669625,44.47089722,28.6,280
1142,060033,KILDARE POND,8/6/86,74.69462778,44.44145278,13.8,100
1143,060039,MCCUEN POND,8/6/86,74.674625,44.39117222,16.5,180
1144,060040,BUCK POND,8/6/86,74.66434722,44.40728611,13.6,180
1145,060041,AMBER LAKE,8/6/86,74.62684444,44.39922778,9.9,70
1146,060046,JORDAN LAKE,8/6/86,74.61712222,44.37617222,11.3,100
1147,060047,LITTLE JORDAN LAKE,8/6/86,74.59211944,44.38478333,23.2,180
1148,060050,ROCK POND,8/6/86,74.55433889,44.36867222,26.5,175
1149,060051B,UNNAMED POND,8/6/86,74.56128333,44.38922778,16.8,160
1150,060052,SPRING POND,8/6/86,74.50989167,44.36672778,10.1,50
1151,060054,WILLIS POND,8/6/86,74.50461389,44.34506111,7.8,60
1152,060055,UNNAMED POND,8/6/86,74.50655833,44.34589444,10.4,100
1153,060057,SUNSET POND,8/6/86,74.51544722,44.31700556,20.8,80
1154,060075,UNNAMED POND,8/6/86,74.61545556,44.27922778,17.9,180
1155,060077,SEVEN SISTERS POND,8/6/86,74.60156389,44.27978333,5.5,25
1156,060078,MARSH POND,8/6/86,74.60823056,44.26506111,13.1,160
1157,060096,HAYMEADOW POND,8/6/86,74.510725,44.27339444,26.7,320
1158,060196,ROCK POND,8/6/86,74.30238333,44.19061389,9.3,60
1159,020062,SQUARE POND,8/7/86,74.14126389,44.49116389,2.5,5
1160,020064,OREGON POND,8/7/86,74.12070833,44.49560556,5.4,15
1161,020066,RAINBOW LAKE INLET,8/7/86,74.17654444,44.47060833,10.6,90
1162,030073,DEER RIVER FLOW,8/7/86,74.31988611,44.65783056,12.7,120
1163,030074,GOURDSHELL POND,8/7/86,74.27432778,44.65255278,11.6,100
1164,030085,BUCK POND,8/7/86,74.27932778,44.59560833,2.6,15
1165,030086,MOUNTAIN POND,8/7/86,74.266825,44.60366389,8.7,70
1166,030087,MOUNTAIN POND,8/7/86,74.26710278,44.60338611,7.4,30
1167,030140,LYDIA POND,8/7/86,74.39571944,44.39589167,3,10
1168,030141,LITTLE LONG POND,8/7/86,74.37710833,44.38811389,2.7,5
1169,030142,KITFOX POND,8/7/86,74.38044167,44.38505833,3.2,5
1170,030146,BESSIE POND,8/7/86,74.38683056,44.38089167,8.4,50
1171,030157,GREEN POND,8/7/86,74.30043889,44.38172222,3.4,5
1172,030186,WARD POND,8/7/86,74.29876944,44.51894444,9.5,60
1173,030207,SANTA CLARA FLOW,8/7/86,74.45433333,44.63478056,15.4,160
1174,030214,WHACKERS POND,8/7/86,74.49683611,44.58339444,9,70
1175,030218,DUCK POND,8/7/86,74.46238889,44.55755833,5.4,20
1176,030221,BENZ POND,8/7/86,74.45155556,44.51589444,3.9,15
1177,030226,HIDDEN POND,8/7/86,74.36210556,44.50089167,7.4,50
1178,030266,ROILEY POND,8/7/86,74.28293889,44.3845,5.5,30
1179,020108,LILYPAD POND,8/8/86,74.194325,44.32310833,11.7,150
1180,020152,UNNAMED POND,8/8/86,74.42988889,44.34589167,6.4,40
1181,020166,UNNAMED POND,8/8/86,74.40822222,44.33033611,30.8,250
1182,020167,UNNAMED POND,8/8/86,74.41127778,44.32644722,9,35
1183,020169,UNNAMED POND,8/8/86,74.41655556,44.32311389,4.2,80
1184,020178,DEER POND,8/8/86,74.42766667,44.30005833,13.1,180
1185,030127,RIVER POND,8/8/86,74.47739167,44.34311667,7.3,50
1186,030307,BUCK POND,8/8/86,75.00464167,44.46783889,13.4,100
1187,030328,UNNAMED POND,8/8/86,75.0702,44.40339444,20.2,300
1188,060091,WOODBURY POND,8/8/86,74.42905556,44.26005833,28.8,330
1189,060098,TOUGUE (LOST) POND,8/8/86,74.48989167,44.27672778,5.4,35
1190,060104,HEAVENS POND,8/8/86,74.46461389,44.30367222,3.9,20
1191,060107,UNNAMED POND,8/8/86,74.45155833,44.29783889,24.4,225
1192,060240,HUNTER POND,8/8/86,74.07903889,44.12533333,7.6,50
1193,020067,UNNAMED POND (GRANDMA'S),8/11/86,74.17932222,44.46199722,9.1,80
1194,020079,UNNAMED POND,8/11/86,74.14654167,44.48171944,27.6,180
1195,020127A,LITTLE EGG POND,8/11/86,74.39766667,44.30089167,11,90
1196,020196,UNNAMED POND,8/11/86,74.29793889,44.35144444,8.4,35
1197,030173,DEER POND,8/11/86,74.48489167,44.63950278,3.6,25
1198,030268,BREAD POND,8/11/86,74.28071667,44.39033333,4.8,30
1199,030268A,MIKES POND,8/11/86,74.27682778,44.39116667,5.9,25
1200,030270,UNNAMED POND,8/11/86,74.28155,44.40061111,7.8,70
1201,060081,BUCK POND,8/11/86,74.62128611,44.17811667,9.2,70
1202,060185,LINE POND,8/11/86,74.40072222,44.19089167,10.9,80
1203,060192,UNNAMED (CALKINS) POND,8/11/86,74.31794167,44.21783611,9.5,90
1204,030091,CLEAR POND,8/12/86,74.77213611,44.55839444,5.6,25
1205,030092,MUD POND,8/12/86,74.64406944,44.58700556,12.9,160
1206,030092A,FENNER MEADOW POND,8/12/86,74.69240833,44.58756111,15.4,160
1207,030096,TRAIN POND,8/12/86,74.58073056,44.52839444,8,50
1208,030097,WELLER POND,8/12/86,74.60128889,44.53256111,4.9,35
1209,030101,UPPER TWIN POND,8/12/86,74.69379444,44.52089722,3,10
1210,030102,LOWER TWIN POND,8/12/86,74.69990833,44.51950833,5.6,60
1211,030162B,BLIND POND,8/12/86,74.62906944,44.66311389,15.7,160
1212,030164,DEXTER LAKE,8/12/86,74.54128333,44.61116944,6.6,40
1213,030165,LAKE OZONIA,8/12/86,74.59073333,44.57950556,4.2,20
1214,030165C,EAST POND,8/12/86,74.57461944,44.59089444,5.3,40
1215,060006,CLOSE POND,8/12/86,74.86297222,44.56145,7.8,70
1216,060006A,COLTON FLOW,8/12/86,74.93964167,44.55533889,7.3,60
1217,060015,HUGGARD POND,8/12/86,74.80435556,44.44589722,21.6,227
1218,060020,NORTHERN HORTON POND,8/12/86,74.83519167,44.50950833,6.4,35
1219,060025,LILYPAD POND,8/12/86,74.76602222,44.52923056,11.6,120
1220,060028,LONG POND,8/12/86,74.76824444,44.53895278,8.6,70
1221,060029,STERLING POND,8/12/86,74.72685556,44.53811944,4.9,20
1222,060037,UNNAMED POND,8/12/86,74.68184722,44.39089722,11.1,140
1223,020052,MUD POND,8/13/86,74.08598333,44.53671667,7.3,50
1224,030013,MOUNTAIN POND,8/13/86,74.040425,44.7231,17.3,180
1225,030014A,PETER POND,8/13/86,74.19099167,44.76449444,5.8,35
1226,030049,INGRAHAM POND,8/13/86,74.11070833,44.76949167,4.3,20
1227,030058B,LOWER LILYPAD POND,8/13/86,74.06514722,44.74448889,24.6,360
1228,030059,FIGURE 8 POND,8/13/86,74.06626111,44.77282222,11.7,100
1229,030062,PLUMADORE POND,8/13/86,74.09515,44.65199167,7.3,35
1230,030063,ELM POND,8/13/86,74.08792778,44.59810278,7.6,35
1231,030068,CATAMOUNT POND,8/13/86,74.07598333,44.58088056,1.3,5
1232,030040A,RAZORBACK POND,8/14/86,74.12681944,44.60143889,14.8,120
1233,040181,GREGG LAKE,8/14/86,75.06685278,43.96423333,10.9,140
1234,040444,UNNAMED POND,8/14/86,75.13963056,43.95784444,17.1,120
1235,040485,DEER POND,8/14/86,75.05796389,43.93201111,5.5,30
1236,040537,FALLS LAKE,8/14/86,74.87573611,43.93728611,2.4,5
1237,040561,DEER POND,8/14/86,74.78295556,43.93339444,4,15
1238,040567,THAYER LAKE,8/14/86,74.83628889,43.933675,7.2,40
1239,040568,ROSE POND,8/14/86,74.84684444,43.92089722,8.6,80
1240,040640,BLUE POND,8/14/86,75.09184722,43.80784444,6.1,45
1241,040641,HITCHCOCK POND,8/14/86,75.09156944,43.78284444,4.7,25
1242,040643,MOOSE POND,8/14/86,75.05879167,43.78201111,5.8,80
1243,020395A,SWAMP GORE (WINTERGREEN),8/20/86,73.56317778,43.76200556,4,20
1244,030174,CLEAR POND,8/20/86,74.48155833,44.63505833,1.2,0
1245,040180,UNNAMED POND,8/20/86,75.05796389,43.97034167,16,180
1246,040313A,UNNAMED POND,8/20/86,74.77796111,44.15200556,11.2,120
1247,040536,UNNAMED POND,8/20/86,74.88823611,43.94450833,11.6,120
1248,050465A,GERO POND,8/3/87,73.70679722,43.98616667,7.9,70
1249,050472,HOWARD POND,8/3/87,73.63818611,44.01672222,4.4,15
1250,050473,BROTHERS POND (LOWER),8/3/87,73.63235278,44.01977778,11.9,125
1251,050505,NEWPORT POND,8/3/87,73.59790833,44.07699722,7,55
1252,050549,BULLHEAD POND,8/3/87,74.02680556,43.82506389,6.4,45
1253,050552,FISH POND,8/3/87,74.08319722,43.86728611,4.4,20
1254,050556,RANKIN POND,8/3/87,74.01902778,43.84089722,10.4,80
1255,050678,MOOSE POND,8/3/87,74.0882,43.87589722,5.9,20
1256,050218,BUCK POND,8/4/87,74.40542222,43.38506944,4.8,10
1257,050229,ROCK LAKE,8/4/87,74.58903611,43.32979167,2.7,10
1258,050230,UNNAMED POND,8/4/87,74.59542778,43.33368056,6.2,25
1259,050232,SPY LAKE,8/4/87,74.51903611,43.390625,3.4,10
1260,050241,SCOTCH LAKE,8/4/87,74.554875,43.45451389,5.4,25
1261,050243,FALL LAKE,8/4/87,74.504875,43.47979167,12.3,140
1262,050256,LOWER LOOMIS POND,8/4/87,74.50792222,43.29368056,4.8,10
1263,050257,MIDDLE LOOMIS POND,8/4/87,74.50347778,43.29729167,3.4,5
1264,050259,JOCKEYBUSH LAKE,8/4/87,74.585425,43.30229167,2.8,0
1265,050260,TROUT LAKE,8/4/87,74.54486667,43.27368056,6.5,50
1266,050266,ROSS LAKE,8/4/87,74.48264167,43.27423611,8.7,60
1267,050276,MECO LAKE,8/4/87,74.42153056,43.28229167,3.5,10
1268,050371,SMITH POND,8/4/87,73.80123889,43.70812222,0.9,15
1269,050373,UNNAMED POND,8/4/87,73.80623889,43.71062222,5.6,15
1270,050458,CLEAR POND,8/4/87,73.82735833,43.99394722,3,10
1271,050465,CHALLIS POND,8/4/87,73.67013056,43.98338889,3.7,10
1272,050481,HOLIDAY POND,8/4/87,73.68790833,44.03144444,6,20
1273,070779,IRON LAKE,8/4/87,74.61153611,43.31201389,3.1,15
1274,070863,UNNAMED POND,8/4/87,74.57876389,43.45340278,1.9,5
1275,050242,DEER POND,8/5/87,74.55348611,43.47701389,7.8,45
1276,050247,FAWN LAKE,8/5/87,74.46515,43.47979167,3.5,10
1277,050310,LONG POND,8/5/87,74.29014444,43.6359,4,10
1278,050315,SOUND LAKE,8/5/87,74.41959167,43.50728889,3.8,40
1279,050563,UNNAMED POND,8/5/87,73.94069722,43.99839167,7,40
1280,050588A,KINGS FLOW,8/5/87,74.23264444,43.691175,7.1,40
1281,050590,ROUND POND,8/5/87,74.24625556,43.67700833,5.9,15
1282,050598,CROTCHED POND,8/5/87,74.29625833,43.683675,6.1,20
1283,050601,MIDDLE DUG MOUNTAIN POND,8/5/87,74.36348056,43.59423333,3.8,20
1284,050602,UPPER DUG MOUNTAIN POND,8/5/87,74.352925,43.59812222,3.3,10
1285,050690,COUNTY LINE FLOW,8/5/87,74.27015556,43.97756389,11.9,150
1286,050703,TROUT POND,8/5/87,74.01681111,43.98006111,4.5,15
1287,070767,MUD POND,8/5/87,74.72376111,43.26868056,4.4,20
1288,070773,WEST CREEK LAKE,8/5/87,74.70515,43.29784722,5.3,25
1289,070788,MUD POND,8/5/87,74.67709722,43.37423611,6.4,20
1290,070793,TROUT LAKE,8/5/87,74.71681944,43.34756944,4.8,20
1291,070829,BOYER LAKE,8/5/87,74.74654167,43.28895833,5.1,25
1292,070845,FEULLARD LAKE,8/5/87,74.74181944,43.35868056,7.3,40
1293,050370,VALENTINE POND,8/6/87,73.77429444,43.71423333,5.3,20
1294,050402,THURMAN POND,8/6/87,73.80401944,43.80450833,5.4,15
1295,050607,LITTLE MOOSE POND,8/6/87,74.54321111,43.54979167,5.5,30
1296,050608,OTTER LAKE,8/6/87,74.56321111,43.54395833,8.8,60
1297,050669,CARRY POND,8/6/87,74.48876667,43.68173333,0.3,5
1298,050670,CEDAR LAKE,8/6/87,74.53626944,43.62923333,3.2,10
1299,050671,BEAVER POND,8/6/87,74.55154722,43.62728889,4.8,35
1300,050680,HARRIS LAKE,8/6/87,74.12959444,43.97006389,6.7,40
1301,050691,PICKWACKET POND,8/6/87,74.31488056,44.00200833,4.9,15
1302,070814,MOUNTS CREEK LAKE,8/6/87,74.8371,43.32868056,6.6,40
1303,070819,COLD SPRING LAKE,8/6/87,74.77959722,43.31618056,12.3,150
1304,070820,UNNAMED POND,8/6/87,74.78320833,43.32201389,17,200
1305,070824,DEER LAKE,8/6/87,74.81376667,43.335625,1.2,5
1306,070825,NORTH BRANCH LAKE,8/6/87,74.794875,43.31201389,6,30
1307,070843A,WILDER VLY,8/6/87,74.80126667,43.33618056,19.8,225
1308,070864,BUCK POND,8/6/87,74.597375,43.48145833,7.4,100
1309,070907B,UNNAMED POND,8/6/87,74.61098889,43.50729167,6.2,30
1310,070926,SAMPSON POND,8/6/87,74.57543333,43.57617778,4.2,15
1311,070927,BULLHEAD POND,8/6/87,74.54265556,43.57562222,3.2,10
1312,070930,SOUTH LAKE,8/6/87,74.62099167,43.5884,3.7,20
1313,070932,CAT LAKE,8/6/87,74.58710278,43.59812222,5.1,15
1314,070934,UNNAMED(TWIN LAKES EAST),8/6/87,74.616825,43.61978889,6.9,60
1315,050388,HEWITT POND,8/7/87,73.97236111,43.866175,4.8,15
1316,050560,CHENEY POND,8/7/87,73.97402778,43.91256111,7.5,40
1317,050561,WOLF POND,8/7/87,73.93236111,43.95783889,10.4,80
1318,050577,NATE POND,8/7/87,74.09292222,43.85923056,6.2,30
1319,070861,NOTCH POND (BUCK POND),8/7/87,74.65737778,43.46034722,3,10
1320,070869,GID LAKE,8/7/87,74.76848889,43.42590278,7.9,50
1321,070870,SUCKER POND,8/7/87,74.83265833,43.47145833,7.4,50
1322,070871,THREE MILE VLY,8/7/87,74.82904722,43.47840278,9.6,100
1323,070873,BEAVERDAM POND,8/7/87,74.774325,43.47478889,4.8,20
1324,070880,LITTLE ROCK LAKE,8/7/87,74.70848889,43.47006944,5.6,25
1325,070896A,FARMERS VLY,8/7/87,74.68071111,43.45784722,6.3,35
1326,050340,FOREST LAKE,8/10/87,73.76678889,43.56173333,5.7,20
1327,050368,PALMER POND,8/10/87,73.87235,43.64728889,6.6,25
1328,050510,BEAR POND,8/10/87,73.91234722,43.49117778,5.8,15
1329,050513,CHUB POND (MUD),8/10/87,73.77095556,43.54951111,5.8,10
1330,070681B,UNNAMED POND,8/10/87,74.59819722,43.03007222,8.1,35
1331,070698A,ST. JOHNSVILLE RESERVOIR,8/10/87,74.55625278,43.06451667,7.9,45
1332,050067,BUCKET POND,8/11/87,73.915125,43.15007222,9,50
1333,050119,BULLHEAD POND,8/11/87,73.84845556,43.23396111,7.3,20
1334,050147,LAKE DESOLATION,8/11/87,73.970125,43.13285,6.7,35
1335,050292,SIAMESE POND (LOWER),8/11/87,74.17986111,43.61645556,3.5,10
1336,050294,TWIN POND (LOWER),8/11/87,74.16930833,43.67145278,6.1,40
1337,050296,ROUND POND,8/11/87,74.06541111,43.6434,8.3,200
1338,050298,SECOND POND,8/11/87,74.08541389,43.65978611,5.9,30
1339,050407,HARRISON MARSH POND,8/11/87,73.71040556,43.82533889,8.4,40
1340,050417,WILCOX POND,8/11/87,73.70873889,43.84089444,11.2,90
1341,050418,GULL POND,8/11/87,73.70762778,43.83089444,6.1,30
1342,050540,THIRTEENTH LAKE,8/11/87,74.11736111,43.71784167,3.4,10
1343,050541,HOUR POND,8/11/87,74.15930833,43.69811944,4.5,15
1344,050587A,LAKE ADIRONDACK,8/11/87,74.25542778,43.781175,5.4,35
1345,050589,PUFFER POND,8/11/87,74.20153056,43.67395278,5.1,25
1346,050591A,LAKE SNOW,8/11/87,74.21236944,43.77145278,12.2,120
1347,050649,LONG POND,8/11/87,74.48016111,43.83756389,12.7,120
1348,050650,GRASSY POND,8/11/87,74.47127222,43.84034167,9.6,35
1349,070716,LILY LAKE,8/11/87,74.55180833,43.155625,3.1,10
1350,070718,WEST LAKE,8/11/87,74.53375278,43.16923611,5.6,40
1351,070719,NINE CORNER LAKE,8/11/87,74.54264444,43.19284722,1,0
1352,070721,STONER LAKE (MIDDLE),8/11/87,74.52431111,43.22340278,3.5,10
1353,070727,GREEN LAKE,8/11/87,74.51041944,43.17395833,2.7,5
1354,050127C,UNNAMED POND,8/12/87,73.94984722,43.27007222,4.6,25
1355,050130,JENNY LAKE,8/12/87,73.91901389,43.26423889,3.2,10
1356,050182,BENNETT LAKE,8/12/87,74.19291111,43.31256944,3.4,10
1357,050184,MIDDLE LAKE,8/12/87,74.21041111,43.33284722,3.7,10
1358,050186,TENANT LAKE,8/12/87,74.09735278,43.35534722,5.7,25
1359,050187,NEW LAKE,8/12/87,74.14818889,43.42423333,3.1,10
1360,050188,WILCOX LAKE,8/12/87,74.1568,43.39979167,3.3,10
1361,050197,LIXARD POND,8/12/87,74.05124167,43.51117778,4.6,15
1362,050205A,UNNAMED POND,8/12/87,74.07874167,43.29840278,14,125
1363,050213,MURPHY LAKE,8/12/87,74.21958056,43.34145833,4.8,15
1364,050282,SHIRAS POND,8/12/87,74.14402222,43.46423333,5.8,25
1365,050286,COD POND,8/12/87,74.1368,43.51784444,6.5,30
1366,050287,FISH POND (LOWER),8/12/87,74.07151944,43.53756667,6.5,45
1367,050288,UPPER FISH POND,8/12/87,74.06346389,43.5459,6.2,45
1368,050290A,EAGLE POND,8/12/87,74.11735556,43.53867778,6.8,30
1369,050291,KIBBY POND,8/12/87,74.08263333,43.57034444,4.6,10
1370,070692A,UNNAMED POND,8/12/87,74.46347222,43.10618333,19.2,175
1371,070698,WEST CAROGA LAKE,8/12/87,74.49069722,43.13173889,4.3,15
1372,070881,BEAR LAKE,8/12/87,74.70876667,43.473125,3.4,10
1373,070890,PEA POND,8/12/87,74.68265556,43.48284722,5.1,15
1374,070903A,UNNAMED POND,8/12/87,74.63265556,43.48951389,9.4,60
1375,050127B,PALMER LAKE,8/13/87,73.98540556,43.24812778,10.7,80
1376,050128,BLACK POND,8/13/87,73.93623611,43.23535,6.2,25
1377,050139B,LITTLE LAKE,8/13/87,73.94734722,43.18896111,9.8,90
1378,050155,MUD POND,8/13/87,74.23152222,43.21340556,7.3,40
1379,050164,CHASE LAKE,8/13/87,74.35402778,43.22285,4.7,25
1380,050215,WILLIS LAKE,8/13/87,74.24596944,43.37145833,4.8,20
1381,050268,BROWN LAKE,8/13/87,74.49208611,43.24395833,2,0
1382,050299,THE VLY POND,8/13/87,74.07458056,43.68923056,9,60
1383,050320,BULLHEAD POND,8/13/87,73.81262222,43.32701667,8.3,60
1384,050352,BUTTERMILK POND (ORDWAY),8/13/87,73.62456667,43.71561944,5.3,20
1385,050517,OVEN MOUNTAIN POND,8/13/87,73.98068611,43.64617778,11.2,30
1386,050523,BIRD POND,8/13/87,73.93624167,43.72228611,12.3,100
1387,070689,VANDENBURG POND,8/13/87,74.36791389,43.11840556,6,20
1388,070690,WOODWORTH POND,8/13/87,74.33930278,43.12257222,5.4,25
1389,070730,STEWART LAKE,8/13/87,74.47819722,43.18951389,2.8,5
1390,070733,PRAIRIE LAKE,8/13/87,74.47153056,43.17895833,5.3,30
1391,070734,BELLOWS LAKE,8/13/87,74.46458611,43.17812778,4.2,20
1392,070736,LITTLE HOLMES LAKE,8/13/87,74.44180556,43.19340278,2.2,5
1393,070760,SPECTACLE LAKE,8/13/87,74.59042222,43.24201389,2.9,5
1394,070764,THIRD LAKE,8/13/87,74.5707,43.22229167,3.1,10
1395,050342,BURNT POND,8/14/87,73.74151389,43.64367778,6.8,35
1396,050385,OLIVER POND,8/14/87,73.91068889,43.82645278,5.5,15
1397,050480,JUG POND,8/14/87,73.70513056,44.01811111,9.7,20
1398,050610,JESSUP LAKE,8/14/87,74.56598611,43.49506944,4.5,20
1399,050625,FIRST LAKE ESSEX CHAIN,8/14/87,74.259875,43.85950833,6,25
1400,050626,SECOND LAKE,8/14/87,74.26570833,43.86811944,6.2,30
1401,050626A,THIRD LAKE,8/14/87,74.26154167,43.87145278,5.6,20
1402,050635,UNNAMED POND,8/14/87,74.31570833,43.85534167,7.9,50
1403,050636,BARKER POND,8/14/87,74.3296,43.85339722,5.9,40
1404,050644,CASCADE POND,8/14/87,74.43626944,43.82950833,7.2,60
1405,050655,PINE LAKE,8/14/87,74.25681667,43.84395278,5.8,20
1406,070928,LAURENCE POND,8/14/87,74.60543611,43.58034444,8.6,50
1407,070937,PUDDLE HOLE POND,8/14/87,74.5546,43.59228889,6.3,50
1408,050249,SILVER POND,8/17/87,74.50987222,43.43229167,10.1,60
1409,070706A,SPRUCE LAKE,8/17/87,74.84154167,43.16173611,9,70
1410,070777,FERRIS LAKE,8/17/87,74.63320556,43.30034722,4,15
1411,070782,FRANKS POND,8/17/87,74.64320556,43.30756944,7,35
1412,070783,UNNAMED POND,8/17/87,74.64015,43.31284722,4,15
1413,070803,FINCH POND(LK MARGARITE),8/17/87,75.04849444,43.368125,7.8,60
1414,070809,TOMKETTLE POND,8/17/87,74.96515833,43.34256944,6.4,30
1415,050460A,DIX POND,8/18/87,73.81124722,44.06505556,5,40
1416,050476,EAGLES NEST POND,8/18/87,73.59485,44.02005556,5,25
1417,050486,MUNSON POND,8/18/87,73.64846389,44.02644444,6.1,30
1418,050487,TRIANGLE POND,8/18/87,73.649575,44.04088889,7.1,45
1419,050489,ROUND POND,8/18/87,73.627075,44.04033333,5.9,35
1420,050495,BIRCH POND,8/18/87,73.63429722,44.09921944,4.5,15
1421,050597A,LEWEY LAKE,8/18/87,74.38987222,43.64951111,4.4,30
1422,050613,MASON LAKE,8/18/87,74.42737222,43.59228889,3.7,10
1423,050687,ROUND POND,8/18/87,74.28876944,44.05256111,8.3,60
1424,050705,LIVINGSTON POND,8/18/87,73.98820278,44.11144444,2.7,10
1425,050706,LAKE COLDEN,8/18/87,73.98264722,44.11921944,3.5,10
1426,050707,AVALANCHE LAKE,8/18/87,73.96986667,44.13088611,4.2,20
1427,070708,KLONDIKE RESERVOIR,8/18/87,74.78820833,43.23006944,2.2,25
1428,070810,CURTIS LAKE,8/18/87,74.95904722,43.33479167,3.8,10
1429,070850,WILMURT LAKE,8/18/87,74.72571111,43.42645833,4.7,10
1430,050126,O'KEEFE POND,8/19/87,73.86512222,43.32229444,6.5,10
1431,050131A,MINER MILL VLY,8/19/87,73.98929444,43.23562778,13.3,90
1432,050500,MAKOMISS POND,8/19/87,73.67318889,44.08755278,3.5,15
1433,050506,HATCHING POND,8/19/87,73.57985278,44.10505278,11.7,90
1434,050515,LITTLE POND,8/19/87,73.96012778,43.5209,5.8,15
1435,050550,HOT WATER POND,8/19/87,74.07375278,43.84089722,11.2,70
1436,050554,VANDERWACKER POND,8/19/87,74.00319722,43.95756111,5.8,25
1437,050556A,LITTLE RANKIN POND,8/19/87,74.02486111,43.84423056,19.4,100
1438,050568,WHORTLEBERRY POND,8/19/87,74.14847778,43.80173056,9.7,40
1439,050569,ROSS POND,8/19/87,74.14514444,43.79339722,6.3,25
1440,050572,PINE MOUNTAIN POND,8/19/87,74.15958889,43.81061944,6.8,30
1441,050573,BLUE LEDGE POND,8/19/87,74.14153333,43.81506389,10.4,70
1442,050623,UNNAMED POND,8/19/87,74.19598056,43.85561944,9,45
1443,050675,BATES POND,8/19/87,74.21431944,43.93061944,14.7,100
1444,050701,HYSLOP POND,8/19/87,74.06403333,43.93478333,11.5,80
1445,050383,BIG SHERMAN POND,8/20/87,73.98263611,43.82256389,4.8,20
1446,050386,BARNES POND,8/20/87,73.966525,43.85895278,6.7,40
1447,050398,MARION POND,8/20/87,73.91596944,43.88117222,5.1,25
1448,050399,MARSH POND,8/20/87,73.81846389,43.78561944,9.8,90
1449,050406,BIG POND,8/20/87,73.81707778,43.85506111,9.9,70
1450,050409,SPECTACLE POND (UPPER),8/20/87,73.70429444,43.81283889,9.1,60
1451,050410,CRAB POND,8/20/87,73.65956944,43.77534167,4.3,15
1452,050419,GOOSE POND,8/20/87,73.67790556,43.84367222,3.3,10
1453,050420,ALDER POND,8/20/87,73.67901667,43.84950556,10.9,35
1454,050421,CRANE POND,8/20/87,73.66262778,43.85117222,3.7,10
1455,050424,ROCK POND,8/20/87,73.59818056,43.85200556,3.7,5
1456,050425,LITTLE ROCK (LILYPAD) PD,8/20/87,73.59095833,43.84978333,8.4,40
1457,050426,BURGE POND,8/20/87,73.635125,43.85006111,6.7,45
1458,050429,GLIDDEN MARSH,8/20/87,73.65901667,43.84200556,7.3,35
1459,050454,BIG MARSH POND,8/20/87,73.77207778,43.97811389,7.4,25
1460,050457,SAND POND,8/20/87,73.891525,43.94811667,5.8,30
1461,050557,STONY POND,8/20/87,73.98513611,43.838675,5.9,20
1462,050567,OK SLIP POND,8/20/87,74.12125278,43.80061944,10.6,30
1463,070770,HOUSE POND,8/20/87,74.67070278,43.25701389,6.6,30
1464,050478,BLACK BROOK POND (LOWER),8/21/87,73.61151667,43.97061111,8.7,35
1465,050479,BLACK BROOK POND (UPPER),8/21/87,73.60346111,43.96783333,7.8,50
1466,050421A,UNNAMED POND,8/24/87,73.64040278,43.85561667,8.6,40
1467,050452,MUD POND,8/24/87,73.56373611,43.97283333,8.5,30
1468,050464,BASS LAKE,8/24/87,73.677075,43.97366667,6,15
1469,050477,BLOODY POND,8/24/87,73.63151667,43.98672222,0.8,15